-- 1.ТЕСТОВЫЕ ДАННЫЕ ДЛЯ ТАБЛИЦЫ ПОЛЬЗОВАТЕЛЕЙ:
INSERT INTO users (login,password,created_at)
VALUES
  ('Rhonarwe','ante123','05.09.20'),
  ('Alfonsowefd','dig124nissim','31.05.22'),
  ('Tatyandea','A456enean','27.06.23'),
  ('Sylwedfvia','lig11ula','22.03.21'),
  ('Clemefdfgntine','purr23rfggus23sf','12.05.20'),
  ('Aimdfseee','di23rdfi8gew23rdfews','31.10.20'),
  ('Conwedstance','v223ulpu67jjtate','16.01.20'),
  ('Errefin','ele45men566wertum','21.06.22'),
  ('Eric','hendsfdrerit','19.12.22'),
  ('Gredfsdtchen','tinb34nghcidunt34','16.07.23'),
  ('Rfdralph','pul34ttfvf54ginar','15.01.20'),
  ('Tasfdhya','lo34bvbnv34torti5s','12.12.22'),
  ('Otfdeo','te34gfmvn34gfpor','30.07.23'),
  ('Shdgfaron','mvb53n4g5bvagna34d','04.02.21'),
  ('Basdfgil','fdghh6PravnbResent','24.01.21'),
  ('Dradfbcdke','p34fgladfFce34drat','15.08.22'),
  ('Raxcvja','gg3Suspedgrn34disse','17.08.22'),
  ('Mervxritt','sagk34gfjuiittis','10.09.22'),
  ('Derfcvrek','tytf34tgbftrfa','09.02.20'),
  ('Zaswewchery','redf34ggrg45ferut','17.08.23'),
  ('Nigefdfel','sceld34fvderisque34t','03.07.22'),
  ('Deasdnna','b3445laer4534ndit','11.04.21'),
  ('Darsfius','no34ntrdgfg534f34fd','20.11.21'),
  ('TasdShya','penfa3ergfgv53tibus','23.03.22'),
  ('Marsdfshall','d34tgfapert434ibus','01.02.21'),
  ('Kyrsdfsa','nequgfde35terd345','07.04.20'),
  ('Lasdfvcura','quidfgdf53sredfyty65','28.08.22'),
  ('Xefgrnos','codfg34nseq34gfuat','04.12.20'),
  ('Winkloiter','e43gfdu6gefdgdfgdr5456t','08.02.22'),
  ('Hilel','tin3df5dgcdgdfr34idunt','02.05.22'),
  ('Latyukyiifah','adfbnuiuojh12cyhrd','23.01.23'),
  ('Sahjymuel','ee3424fd4767svsgrvt','25.07.23'),
  ('Julyjkian','ureff35tfltricesxvryh','30.06.20'),
  ('Dyukahlia','tem789hfg443pusvxgyr','04.05.23'),
  ('Hoyuk8p','faciwe234rwflisiwefs','17.02.22'),
  ('Armayufnd','nwfefcon4545fg45efg','04.09.22'),
  ('Catytjmeron','vcxhtePhasgr5ellus','07.02.23'),
  ('Kashgjeem','qugdg45g64g4543is','30.09.23'),
  ('Katjdsper','eui3ty565hr45smod','09.01.20'),
  ('Bedhgfatrice','vsffsdI343trg54534tn','16.10.23'),
  ('Odetrthte','dswefInte345fdge455r','28.09.20'),
  ('Lert6o','Mae3435fdgcenas','27.04.22'),
  ('Kirhfgrestin','uwerge4564gdfg65645ergct','23.04.23'),
  ('Gjfgraham','eros3434fg434trwefsd','03.02.20'),
  ('Sajgh6ndra','sc345gf45elerisque','29.05.21'),
  ('Rfghashad','amdg54fdg645et','08.04.21'),
  ('Cljfhfinton','acc3434gf434gumsan','08.10.21'),
  ('Pahrhfgmela','sod34t3gfales','03.01.20'),
  ('Nefghll','vel34gfd34git','16.01.22'),
  ('Rifgha','hendrg354fderitregegr','15.05.21'),
  ('Myjfgles','ip3453fdg53sum434','12.08.22'),
  ('Imjfgelda','vu34t545lputate','03.03.22'),
  ('Ulysjfses','bladgfgdndit','10.05.21'),
  ('Safghrah','ris34fg5wef3vdfgedfus','13.02.20'),
  ('Edfgan','ped34gf434e34fsdw','13.04.23'),
  ('Mnbfona','ur343gdgdfnwefwdf32a','05.01.20'),
  ('Inhrtgrid','mor34t353s2bi','24.01.20'),
  ('Prhtreston','magfdgt7645na23fsassa','06.04.22'),
  ('Shajrtine','wefsdfee3434tg53fdgdt','15.11.22'),
  ('Asfghher','weffdsProd43gfd53in','02.03.22'),
  ('Magfhtia','mi34t34dfg34wew3fsd','29.01.21'),
  ('Gambnlvin','wedsfePr3g4gfd534oin','23.06.21'),
  ('Cdfrlark','sem34t3gdfgwefd53','17.07.22'),
  ('Gilegelian','auct34gfd34fg43or','25.02.22'),
  ('Desgdrgirae','Phas343rgdf334ellus','14.07.20'),
  ('Adebfsna','Vestibd3rdfgulum','02.10.20'),
  ('Rosdfgbin','eget3434sdwsdfgg5','23.11.21'),
  ('Syvbdglvia','se34trggsd434dwfwdf','25.04.23'),
  ('Amigdfr','amet34t3dsfg53fwe34f','12.02.20'),
  ('Tatregum','erat34dfse344ew3dfukih','10.12.23'),
  ('Kafgye','enimgt43gxcvere43wefdfw','17.02.22'),
  ('Jolene','ipsum343fds4sdf','31.01.20'),
  ('Unity','eu34gfd5gdfg5wfsdmho','25.08.21'),
  ('Georgia','turpis53gf42sdf','24.12.22'),
  ('Zephania','Sedf34fsdf4fsd','25.07.22'),
  ('Mollie','adipiscing34rdwf','15.12.23'),
  ('Deanna','in23ew23sdf434dfsza','18.04.20'),
  ('Leo','liberwerr4t5gdfbttu67o','27.11.23'),
  ('Ora','se35tg65y5hgh45d','21.02.20'),
  ('Jakeem','i34tps434u54gdf3m','28.05.23'),
  ('Audra','r23i3r2sus43fds','22.06.23'),
  ('Halla','cu23rdsf4rsus','07.01.22'),
  ('Porter','Aliqfseef422uam','06.09.21'),
  ('Bo','moll3rfdsfb87jfis','13.05.22'),
  ('Branden','34fdghfglectus','17.05.21'),
  ('Macaulay','53gdfi43fdg5tae','25.02.22'),
  ('Wyatt','gfdg534tfdfacilisis','31.08.20'),
  ('Stella','gfdgg5t5hdfuyiornare','12.07.22'),
  ('Upton','Iregf5n46ujhf','25.08.21'),
  ('Petra','turpisertfd34t','26.04.23'),
  ('Brock','henerdfg4drerit','20.07.23'),
  ('Cole','nofdg34sdf32n','18.09.22'),
  ('Cheyenne','anterfdg44svew','08.10.23'),
  ('Keith','wefdv55Alweiquam','12.10.20'),
  ('Gail','ardf4gerdfw4g5c','11.06.21'),
  ('Giacomo','e5gdfgel3sdit4wsd','15.02.22'),
  ('Ryan','l434dgg5acus34td','15.05.23'),
  ('Diana','e4sgf53ge5tdgt','02.03.23'),
  ('Ishmael','s34tsde54gfd3dm','07.07.21'),
  ('Dexter','a43fd3sc5dg55fg','28.03.21');

SELECT * FROM users;

-- 2.ТЕСТОВЫЕ ДАННЫЕ ДЛЯ ТАБЛИЦЫ ПРОФИЛЕЙ:
INSERT INTO profiles (id_user,first_name,last_name,email,phone,driving_experience,personal_information,main_foto_id,created_at)
VALUES
  (1,'Jermaine','Gordon','j-gordon7727@yahoo.zg','126-4238',50,'magna. Sed eu eros.',1,'31.05.23'),
  (2,'Yoshi','Everett','yoshieverett@protonmail.zg','1-729-315-8147',51,'odio semper cursus. Integer mollis. Integer tincidunt',2,'08.08.23'),
  (3,'Evan','Stevenson','stevensonevan@hotmail.com','1-875-371-1846',47,'facilisis',3,'07.03.23'),
  (4,'Perry','Lara','lara_perry4280@yahoo.couk','1-489-478-9517',47,'Ut nec urna et arcu imperdiet ullamcorper.',4,'06.08.20'),
  (5,'Judah','Herring','herring_judah5251@mail.ca','471-2642',50,'nostra, per inceptos hymenaeos. Mauris ut',5,'14.10.22'),
  (6,'Avye','Warner','warner.avye@yandex.ca','1-338-464-2475',33,'arcu',6,'17.09.21'),
  (7,'Reese','Haynes','rhaynes@hotmail.edu','448-4361',11,'sollicitudin adipiscing ligula.',7,'24.07.20'),
  (8,'Dawn','Finley','dfinley3194@hotmail.eu','1-886-941-8676',8,'at, libero. Morbi accumsan laoreet',8,'13.05.22'),
  (9,'Kiayada','Williamson','k-williamson1133@google.zg','265-1133',52,'non arcu. Vivamus sit',9,'18.03.23'),
  (10,'Zena','Mckenzie','m.zena7111@aol.ru','1-744-537-1514',55,'quis diam luctus lobortis. Class',10,'12.07.23'),
  (11,'Cedric','Walton','w_cedric@mail.ru','942-2020',16,'Aenean sed pede nec ante blandit viverra. Donec tempus,',11,'04.09.23'),
  (12,'Angela','Noel','n_angela@yandex.zg','958-4342',57,'sagittis',12,'25.12.22'),
  (13,'Ferris','Kennedy','fkennedy2232@google.ca','1-558-881-2115',8,'pede. Nunc sed orci lobortis augue scelerisque',13,'27.08.22'),
  (14,'August','Mcgowan','a-mcgowan7879@icloud.com','330-8836',19,'rutrum. Fusce dolor quam, elementum at, egestas',14,'21.01.23'),
  (15,'Carlos','Pickett','carlos_pickett@yahoo.ru','334-9696',1,'nascetur ridiculus mus. Proin vel arcu eu odio tristique',15,'21.11.21'),
  (16,'Kimberley','Brennan','kimberley_brennan@yandex.ru','960-7858',9,'purus. Nullam',16,'24.06.22'),
  (17,'Flavia','Hall','hall.flavia@protonmail.couk','1-234-861-8844',6,'at, velit. Pellentesque ultricies dignissim lacus. Aliquam rutrum',17,'21.10.22'),
  (18,'Xyla','Livingston','livingstonxyla@yahoo.zg','1-632-277-1570',26,'dapibus gravida. Aliquam tincidunt, nunc',18,'16.06.23'),
  (19,'Drew','Moody','drewmoody7856@aol.edu','1-579-344-2934',23,'quis',19,'09.04.20'),
  (20,'Hollee','Ortiz','hortiz3085@protonmail.zg','1-656-566-6132',38,'rhoncus. Donec est. Nunc ullamcorper, velit',20,'26.02.22'),
  (21,'Stone','Nunez','n.stone@mail.eu','757-4160',33,'erat. Vivamus nisi. Mauris nulla. Integer',21,'18.03.23'),
  (22,'Jermaine','Dillon','dillonjermaine@hotmail.org','173-8588',24,'tempus risus. Donec egestas. Duis',22,'11.04.21'),
  (23,'Kay','Valentine','valentinekay7833@google.com','1-653-134-0424',50,'felis eget',23,'28.12.20'),
  (24,'Nyssa','Mccarty','n-mccarty5583@yahoo.couk','1-605-203-9774',7,'est,',24,'05.06.22'),
  (25,'Veda','Raymond','rveda4244@outlook.net','1-747-529-7165',42,'diam.',25,'06.02.22'),
  (26,'Ishmael','Case','case-ishmael7633@protonmail.ca','1-289-657-4575',39,'vitae erat vel pede blandit congue.',26,'08.05.20'),
  (27,'Rudyard','Savage','r_savage@yahoo.edu','232-1248',60,'nunc sed libero. Proin',27,'19.02.23'),
  (28,'Kirk','Mayo','mayo_kirk@mail.ru','174-5267',40,'at pretium aliquet, metus',28,'03.05.23'),
  (29,'Anthony','Carr','anthony-carr@icloud.net','185-5204',15,'eleifend vitae, erat. Vivamus nisi. Mauris nulla.',29,'15.08.21'),
  (30,'Kerry','Parks','kerry.parks8281@mail.couk','1-827-715-5262',8,'porttitor interdum. Sed auctor odio a',30,'24.02.20'),
  (31,'Camilla','Porter','c.porter1710@aol.eu','1-727-191-8677',25,'nec, mollis vitae, posuere at,',31,'21.08.20'),
  (32,'Erasmus','Sanford','sanforderasmus@mail.org','544-0528',4,'ornare. Fusce mollis. Duis sit amet diam eu dolor',32,'26.01.20'),
  (33,'Castor','Hurst','hurst_castor9896@aol.zg','1-620-498-5242',47,'pede nec ante blandit viverra. Donec tempus, lorem fringilla',33,'05.08.20'),
  (34,'Kylynn','Walsh','kylynn.walsh@hotmail.couk','1-687-425-7742',55,'sit amet nulla. Donec non justo. Proin',34,'29.06.20'),
  (35,'Shay','Christensen','christensen-shay@hotmail.net','445-1739',32,'lorem vitae odio sagittis semper. Nam',35,'19.12.21'),
  (36,'Tara','Harvey','harvey_tara@outlook.edu','1-536-520-8643',49,'primis in faucibus orci luctus et ultrices posuere cubilia',36,'08.06.20'),
  (37,'Frances','Bullock','bullockfrances8654@hotmail.ru','458-5747',58,'nibh. Donec est mauris, rhoncus id, mollis nec, cursus a,',37,'31.07.23'),
  (38,'Sandra','Russell','russell.sandra6416@google.eu','1-334-764-3488',14,'Suspendisse sagittis. Nullam vitae diam. Proin dolor. Nulla',38,'19.09.22'),
  (39,'Zenia','Reilly','zreilly@google.edu','1-670-314-8618',13,'quis',39,'25.09.22'),
  (40,'Maile','Walsh','m-walsh@outlook.net','1-369-361-2778',45,'pretium neque.',40,'23.06.22'),
  (41,'Michael','Rogers','rogers-michael3141@outlook.eu','701-1722',24,'felis. Nulla tempor augue ac',41,'09.12.20'),
  (42,'Lee','Lindsay','l_lindsay@yandex.couk','375-7134',18,'enim. Curabitur massa. Vestibulum accumsan neque et',42,'18.05.22'),
  (43,'Melissa','O''connor','m_oconnor@mail.ru','910-6823',30,'pretium et, rutrum non,',43,'14.11.20'),
  (44,'Sheila','Schneider','schneider-sheila@aol.com','995-4434',55,'magna. Phasellus dolor',44,'18.07.23'),
  (45,'Ariana','Holmes','holmes-ariana@protonmail.net','102-8964',4,'ridiculus mus.',45,'05.05.20'),
  (46,'Hayfa','Wright','wrighthayfa@aol.edu','1-131-239-1777',59,'arcu. Nunc mauris. Morbi non sapien molestie',46,'15.08.22'),
  (47,'Eliana','Powers','elianapowers9836@mail.zg','447-6653',34,'erat, eget',47,'22.02.23'),
  (48,'Cara','Manning','manningcara@yahoo.org','492-6683',42,'lobortis quis, pede. Suspendisse dui. Fusce diam',48,'19.01.20'),
  (49,'Cherokee','Strickland','c-strickland408@google.edu','1-849-876-1843',48,'placerat, orci lacus vestibulum',49,'10.06.21'),
  (50,'Graham','Whitaker','g.whitaker2225@mail.edu','516-6874',15,'nisi. Cum sociis natoque penatibus et',50,'03.10.23'),
  (51,'Kenyon','Coffey','ckenyon@outlook.com','263-8145',53,'sociis natoque',51,'13.10.23'),
  (52,'Hayden','Richardson','richardson-hayden2221@aol.org','1-368-537-6118',56,'Phasellus fermentum convallis ligula. Donec luctus aliquet',52,'06.01.22'),
  (53,'Bianca','Key','biancakey4890@icloud.edu','1-674-502-8694',38,'Aliquam vulputate ullamcorper magna.',53,'01.11.21'),
  (54,'Berk','Wells','w_berk@google.zg','1-375-871-5332',7,'tempus',54,'06.12.20'),
  (55,'Lucius','Curtis','curtis_lucius@yandex.ca','832-7778',55,'quis, pede. Praesent eu dui. Cum sociis natoque',55,'14.02.21'),
  (56,'Jeanette','Glover','glover.jeanette@google.ca','703-8252',59,'fringilla, porttitor vulputate, posuere vulputate, lacus. Cras interdum. Nunc',56,'23.07.23'),
  (57,'Mannix','Ray','m.ray9047@mail.org','770-8658',39,'mollis dui, in sodales elit',57,'25.02.20'),
  (58,'Judith','Dale','judithdale6243@outlook.net','1-636-453-4760',17,'ante dictum',58,'07.03.20'),
  (59,'Boris','Jacobs','j_boris@yandex.com','1-244-598-0161',57,'leo.',59,'19.10.21'),
  (60,'Herrod','Finley','f.herrod@aol.org','1-748-389-0554',4,'ultrices sit amet,',60,'05.10.22'),
  (61,'Maggy','Valencia','valencia_maggy@icloud.couk','1-186-382-7053',11,'odio tristique pharetra. Quisque ac libero nec',61,'01.07.20'),
  (62,'Kimberley','Foreman','foreman-kimberley6075@protonmail.eu','257-6503',45,'dui. Cum sociis',62,'18.08.22'),
  (63,'Gage','Pollard','pollard-gage1208@icloud.couk','1-446-874-9506',14,'gravida sagittis. Duis gravida.',63,'27.01.20'),
  (64,'Colton','Jenkins','c_jenkins229@icloud.eu','565-1856',53,'mi pede, nonummy ut, molestie in, tempus eu, ligula. Aenean',64,'28.09.23'),
  (65,'Jennifer','Beard','j.beard@aol.ru','421-5149',49,'interdum ligula',65,'18.11.22'),
  (66,'Ocean','Washington','o-washington8130@google.com','1-333-142-3769',16,'molestie dapibus ligula. Aliquam erat',66,'25.04.23'),
  (67,'Amal','Ramirez','ramirez-amal6532@mail.org','994-8734',8,'luctus ut, pellentesque eget, dictum placerat, augue. Sed molestie.',67,'20.04.20'),
  (68,'Alvin','Franks','a.franks@hotmail.zg','1-248-535-7379',30,'mauris erat eget ipsum. Suspendisse',68,'13.04.22'),
  (69,'Mufutau','Livingston','l_mufutau@hotmail.zg','162-6538',60,'ut, pellentesque eget, dictum placerat, augue. Sed',69,'31.10.21'),
  (70,'Melyssa','West','mwest@mail.zg','226-6747',48,'libero lacus, varius et, euismod',70,'14.03.22'),
  (71,'Merritt','Warren','warrenmerritt@outlook.zg','870-3352',8,'varius orci, in',71,'23.03.21'),
  (72,'Rigel','Conway','rconway4340@icloud.ru','588-2543',14,'Sed pharetra,',72,'07.03.23'),
  (73,'Robert','Haley','hrobert5534@icloud.com','723-0552',20,'viverra. Maecenas',73,'22.01.20'),
  (74,'Kaye','Dyer','k.dyer@yahoo.couk','582-5349',18,'bibendum fermentum metus. Aenean',74,'25.03.22'),
  (75,'Axel','Cain','c.axel556@hotmail.ru','726-8932',38,'ipsum dolor sit amet,',75,'26.11.22'),
  (76,'Robert','Campos','r.campos1920@hotmail.zg','428-6274',12,'convallis est, vitae sodales nisi magna sed dui. Fusce aliquam,',76,'20.04.23'),
  (77,'Aiko','Macias','a.macias4887@outlook.eu','1-911-449-0534',25,'mi lorem, vehicula et, rutrum eu, ultrices sit',77,'14.08.21'),
  (78,'Hasad','Holmes','holmeshasad@hotmail.edu','235-3705',49,'pede et',78,'29.09.20'),
  (79,'Graiden','Johnston','graiden.johnston4174@yahoo.com','964-7692',14,'a, arcu. Sed et libero. Proin mi.',79,'18.01.20'),
  (80,'Guinevere','Prince','prince.guinevere6480@google.ru','676-1162',10,'gravida mauris ut mi. Duis risus',80,'31.05.20'),
  (81,'Halla','Sweeney','h-sweeney204@protonmail.zg','1-855-321-2020',29,'Nam ac nulla. In',81,'28.07.22'),
  (82,'Tasha','Franks','tasha.franks@aol.org','1-479-456-1614',38,'Morbi',82,'20.08.20'),
  (83,'Baker','French','french-baker5869@google.net','764-6378',14,'elementum,',83,'17.05.21'),
  (84,'Audra','Hays','audrahays8963@aol.org','1-218-370-3313',46,'auctor vitae, aliquet nec,',84,'18.08.20'),
  (85,'Kai','Ewing','k.ewing5703@protonmail.com','1-935-902-6864',28,'mi lacinia mattis. Integer eu lacus. Quisque imperdiet,',85,'03.12.23'),
  (86,'Whoopi','Dotson','w_dotson3704@yahoo.eu','216-3623',39,'Nullam velit',86,'16.01.23'),
  (87,'Shad','Parsons','shad_parsons@icloud.org','895-9657',14,'scelerisque scelerisque dui.',87,'20.10.21'),
  (88,'Leilani','Preston','p-leilani@outlook.com','691-1373',36,'Cras',88,'08.04.22'),
  (89,'Ian','Baird','i.baird@yahoo.org','725-4506',17,'mauris sagittis placerat. Cras dictum',89,'10.11.21'),
  (90,'Sebastian','Holloway','sebastian_holloway@outlook.ca','964-5381',21,'Mauris eu turpis. Nulla aliquet. Proin velit. Sed malesuada augue',90,'14.07.20'),
  (91,'Ryan','Collins','collins-ryan@outlook.ca','1-444-182-3133',10,'ultricies adipiscing,',91,'17.09.21'),
  (92,'Winter','Leon','w.leon@yandex.ru','235-6422',56,'quis turpis',92,'29.10.23'),
  (93,'Walker','Dyer','dyer-walker@yandex.edu','616-3276',41,'tristique pellentesque,',93,'21.09.23'),
  (94,'Gannon','Mcclain','m-gannon2233@yahoo.zg','202-3749',24,'facilisi. Sed neque. Sed eget lacus. Mauris non dui',94,'23.08.22'),
  (95,'Kiayada','Harrell','h_kiayada@mail.com','1-245-328-1657',23,'sed dolor. Fusce mi lorem, vehicula et, rutrum eu,',95,'14.10.22'),
  (96,'Declan','Peters','p_declan9985@aol.net','1-878-252-7427',12,'sed dolor. Fusce mi lorem, vehicula',96,'13.03.20'),
  (97,'Hiroko','Rodriquez','rodriquezhiroko4721@mail.couk','715-1441',52,'Proin nisl sem, consequat nec, mollis vitae, posuere',97,'27.07.21'),
  (98,'Ferris','Blevins','f.blevins@google.org','1-763-283-7266',15,'Aenean egestas hendrerit neque.',98,'06.12.20'),
  (99,'Scarlet','Medina','smedina@yahoo.couk','625-2232',45,'parturient montes, nascetur ridiculus mus. Donec dignissim magna a tortor.',99,'21.11.20'),
  (100,'Serena','Avila','s-avila@icloud.ca','988-5771',41,'auctor, velit eget laoreet posuere, enim nisl',100,'05.03.20');

SELECT * FROM profiles;

-- 3.ТЕСТОВЫЕ ДАННЫЕ ДЛЯ ТАБЛИЦЫ С ФОТОГРАФИЯМИ ПОЛЬЗОВАТЕЛЕЙ:
INSERT INTO users_photo (owner_id,url,description,uploaded_at,size)
VALUES
  (1,'https://yahoo.com/group/9','of the vehicle','18.09.20','1250.64'),
  (2,'https://nytimes.com/en-ca','of the vehicle','16.03.21','893.51'),
  (3,'http://facebook.com/one','of the vehicle','25.03.21','1159.37'),
  (4,'http://facebook.com/en-us','photograph of the vehicle','27.10.22','862.91'),
  (5,'https://bbc.co.uk/sub','of the vehicle','09.07.22','1269.51'),
  (6,'http://walmart.com/en-ca','photograph of the vehicle','26.05.20','1169.59'),
  (7,'https://pinterest.com/sub','of the vehicle','02.11.21','1131.24'),
  (8,'https://zoom.us/en-us','of the vehicle','04.11.20','1153.69'),
  (9,'https://walmart.com/fr','photograph of the vehicle','28.04.21','1322.56'),
  (10,'http://google.com/group/9','of the vehicle','16.11.20','967.97'),
  (11,'http://twitter.com/en-ca','of the vehicle','14.10.22','1144.13'),
  (12,'http://youtube.com/site','photograph of the vehicle','22.12.21','1313.02'),
  (13,'http://guardian.co.uk/site','of the vehicle','11.05.20','636.84'),
  (14,'https://twitter.com/group/9','photograph of the vehicle','13.02.20','691.25'),
  (15,'https://facebook.com/group/9','of the vehicle','02.11.22','963.35'),
  (16,'http://bbc.co.uk/settings','photograph of the vehicle','01.09.21','941.99'),
  (17,'https://baidu.com/site','of the vehicle','16.06.21','1374.09'),
  (18,'https://naver.com/user/110','of the vehicle','28.02.21','672.55'),
  (19,'https://twitter.com/sub','photograph of the vehicle','12.12.20','1457.20'),
  (20,'http://wikipedia.org/fr','of the vehicle','06.09.22','908.00'),
  (21,'https://instagram.com/en-ca','of the vehicle','28.01.21','934.17'),
  (22,'http://naver.com/fr','photograph of the vehicle','15.09.20','708.39'),
  (23,'https://pinterest.com/group/9','photograph of the vehicle','30.05.22','979.36'),
  (24,'http://netflix.com/one','of the vehicle','23.06.22','1440.50'),
  (25,'https://zoom.us/en-ca','of the vehicle','26.08.20','1107.13'),
  (26,'https://guardian.co.uk/user/110','photograph of the vehicle','03.12.21','995.80'),
  (27,'https://twitter.com/site','photograph of the vehicle','06.11.22','1093.53'),
  (28,'https://nytimes.com/sub/cars','of the vehicle','24.02.21','817.64'),
  (29,'http://google.com/sub','photograph of the vehicle','03.11.21','952.92'),
  (30,'https://instagram.com/one','of the vehicle','19.01.20','1035.13'),
  (31,'http://twitter.com/fr','photograph of the vehicle','07.11.22','921.83'),
  (32,'https://cnn.com/group/9','of the vehicle','20.11.21','889.14'),
  (33,'https://guardian.co.uk/user/110','of the vehicle','02.01.20','976.73'),
  (34,'https://twitter.com/group/9','of the vehicle','09.01.21','936.12'),
  (35,'https://naver.com/fr','of the vehicle','01.05.22','490.85'),
  (36,'https://whatsapp.com/user/110','photograph of the vehicle','08.02.22','1037.70'),
  (37,'https://youtube.com/sub','photograph of the vehicle','15.06.21','1001.00'),
  (38,'http://google.com/settings','of the vehicle','04.05.20','1401.78'),
  (39,'http://whatsapp.com/user/110','photograph of the vehicle','23.02.21','928.71'),
  (40,'http://twitter.com/user/110','photograph of the vehicle','20.10.21','1186.53'),
  (41,'https://guardian.co.uk/user/110','of the vehicle','23.03.22','1077.25'),
  (42,'https://whatsapp.com/fr','of the vehicle','25.09.20','1238.48'),
  (43,'https://whatsapp.com/group/9','of the vehicle','26.03.20','1047.93'),
  (44,'https://twitter.com/sub/cars','photograph of the vehicle','08.01.20','737.06'),
  (45,'http://baidu.com/user/110','of the vehicle','22.09.21','270.33'),
  (46,'https://ebay.com/one','photograph of the vehicle','27.06.20','902.75'),
  (47,'http://naver.com/en-us','photograph of the vehicle','01.10.22','680.44'),
  (48,'https://netflix.com/settings','photograph of the vehicle','29.11.20','1381.55'),
  (49,'http://ebay.com/sub','of the vehicle','09.01.22','1052.98'),
  (50,'http://youtube.com/settings','photograph of the vehicle','11.03.21','755.90'),
  (51,'https://instagram.com/sub','photograph of the vehicle','07.10.22','643.88'),
  (52,'http://wikipedia.org/one','photograph of the vehicle','16.01.21','1180.14'),
  (53,'http://instagram.com/sub','of the vehicle','31.08.22','748.46'),
  (54,'https://instagram.com/en-us','photograph of the vehicle','11.09.20','955.02'),
  (55,'https://baidu.com/sub/cars','of the vehicle','18.07.21','785.83'),
  (56,'https://youtube.com/sub','photograph of the vehicle','30.09.20','1094.00'),
  (57,'http://nytimes.com/en-us','photograph of the vehicle','11.11.21','828.20'),
  (58,'https://bbc.co.uk/one','of the vehicle','23.08.20','1168.52'),
  (59,'http://youtube.com/fr','photograph of the vehicle','28.05.21','1254.22'),
  (60,'https://pinterest.com/fr','photograph of the vehicle','23.12.21','1338.33'),
  (61,'http://ebay.com/sub','photograph of the vehicle','05.11.22','683.62'),
  (62,'http://whatsapp.com/group/9','photograph of the vehicle','25.05.21','1023.19'),
  (63,'http://youtube.com/sub','of the vehicle','09.03.21','656.95'),
  (64,'http://facebook.com/en-ca','of the vehicle','06.12.20','1162.65'),
  (65,'https://instagram.com/sub/cars','of the vehicle','18.07.22','1020.80'),
  (66,'https://netflix.com/en-ca','of the vehicle','12.03.22','1640.98'),
  (67,'http://zoom.us/en-us','photograph of the vehicle','14.10.22','747.61'),
  (68,'https://pinterest.com/user/110','photograph of the vehicle','10.08.21','796.37'),
  (69,'http://youtube.com/group/9','photograph of the vehicle','20.08.21','1243.36'),
  (70,'http://pinterest.com/en-ca','of the vehicle','28.12.21','491.78'),
  (71,'https://youtube.com/site','photograph of the vehicle','26.04.20','1447.24'),
  (72,'http://reddit.com/en-us','of the vehicle','18.03.20','1510.95'),
  (73,'http://bbc.co.uk/group/9','photograph of the vehicle','26.02.22','897.15'),
  (74,'http://zoom.us/group/9','photograph of the vehicle','11.04.21','1167.36'),
  (75,'https://walmart.com/sub','photograph of the vehicle','10.10.21','766.91'),
  (76,'http://netflix.com/one','photograph of the vehicle','25.06.22','638.37'),
  (77,'http://ebay.com/fr','photograph of the vehicle','29.01.20','1115.68'),
  (78,'https://cnn.com/one','of the vehicle','02.10.22','796.66'),
  (79,'https://bbc.co.uk/one','photograph of the vehicle','13.08.20','832.42'),
  (80,'https://reddit.com/sub','photograph of the vehicle','28.09.21','1064.07'),
  (81,'https://instagram.com/one','photograph of the vehicle','01.02.20','1177.17'),
  (82,'https://yahoo.com/settings','photograph of the vehicle','19.06.21','1190.66'),
  (83,'http://twitter.com/sub','photograph of the vehicle','22.08.21','688.85'),
  (84,'http://zoom.us/site','of the vehicle','12.09.22','685.92'),
  (85,'http://bbc.co.uk/sub','photograph of the vehicle','11.12.21','1189.01'),
  (86,'http://whatsapp.com/en-ca','photograph of the vehicle','18.03.22','682.21'),
  (87,'https://ebay.com/fr','photograph of the vehicle','25.04.20','1130.74'),
  (88,'http://instagram.com/site','of the vehicle','02.07.22','1393.54'),
  (89,'http://pinterest.com/sub/cars','photograph of the vehicle','31.01.20','502.21'),
  (90,'http://guardian.co.uk/user/110','of the vehicle','05.07.21','977.45'),
  (91,'https://youtube.com/settings','photograph of the vehicle','07.02.21','910.53'),
  (92,'http://whatsapp.com/group/9','of the vehicle','09.03.20','1362.77'),
  (93,'https://baidu.com/one','of the vehicle','20.10.22','769.53'),
  (94,'https://pinterest.com/en-ca','photograph of the vehicle','21.09.20','1064.38'),
  (95,'https://bbc.co.uk/group/9','of the vehicle','15.04.20','572.96'),
  (96,'https://yahoo.com/one','of the vehicle','25.05.22','875.74'),
  (97,'http://ebay.com/user/110','of the vehicle','05.08.21','1241.10'),
  (98,'http://walmart.com/sub/cars','photograph of the vehicle','20.06.21','1020.77'),
  (99,'https://walmart.com/sub','of the vehicle','25.07.22','804.83'),
  (100,'http://google.com/site','of the vehicle','13.01.20','1046.77');

SELECT * FROM users_photo;

-- 4.ТЕСТОВЫЕ ДАННЫЕ ДЛЯ ТАБЛИЦЫ С ФОТОГРАФИЯМИ ТРАНСПОРТНЫХ СРЕДСТВ:
INSERT INTO vehicles_photo (owner_id,url,description,uploaded_at,size)
VALUES
  (14,'https://naver.com/one','of the vehicle','05.07.22','1101.38'),
  (38,'https://bbc.co.uk/en-us','of the vehicle','05.08.21','789.11'),
  (19,'http://baidu.com/en-ca','of the vehicle','20.11.22','723.71'),
  (44,'http://youtube.com/sub/cars','of the vehicle','14.06.21','1198.45'),
  (83,'http://zoom.us/sub/cars','photograph of the vehicle','25.12.20','971.71'),
  (15,'http://twitter.com/sub/cars','of the vehicle','05.07.21','1026.97'),
  (1,'http://baidu.com/user/110','of the vehicle','09.01.22','691.68'),
  (36,'http://instagram.com/en-ca','of the vehicle','10.03.21','899.30'),
  (20,'http://wikipedia.org/sub/cars','photograph of the vehicle','03.03.21','1182.32'),
  (89,'http://nytimes.com/site','photograph of the vehicle','03.12.22','1137.82'),
  (93,'http://facebook.com/group/9','photograph of the vehicle','23.04.22','778.23'),
  (73,'http://nytimes.com/site','of the vehicle','12.06.22','1097.00'),
  (90,'http://facebook.com/user/110','photograph of the vehicle','25.12.21','1067.12'),
  (38,'https://ebay.com/sub/cars','photograph of the vehicle','29.04.21','1022.89'),
  (41,'https://reddit.com/site','photograph of the vehicle','22.11.20','1187.43'),
  (51,'https://youtube.com/settings','photograph of the vehicle','09.12.20','849.84'),
  (39,'http://youtube.com/sub','of the vehicle','24.07.21','1103.68'),
  (30,'http://nytimes.com/site','photograph of the vehicle','08.10.21','1054.81'),
  (35,'https://nytimes.com/user/110','of the vehicle','25.02.22','949.29'),
  (40,'http://facebook.com/en-ca','photograph of the vehicle','18.12.22','594.73'),
  (69,'https://walmart.com/en-us','photograph of the vehicle','13.02.22','1173.56'),
  (49,'http://youtube.com/group/9','of the vehicle','09.10.22','1175.90'),
  (36,'http://reddit.com/en-us','of the vehicle','25.08.21','1146.95'),
  (87,'https://ebay.com/site','photograph of the vehicle','07.09.22','490.95'),
  (34,'https://whatsapp.com/en-us','photograph of the vehicle','30.06.21','1365.31'),
  (41,'http://zoom.us/settings','of the vehicle','14.12.22','1341.04'),
  (89,'https://instagram.com/en-us','of the vehicle','01.07.20','1152.89'),
  (25,'https://baidu.com/user/110','of the vehicle','13.05.22','941.11'),
  (30,'https://baidu.com/fr','of the vehicle','08.06.22','772.88'),
  (98,'http://naver.com/group/9','photograph of the vehicle','14.03.22','1069.47'),
  (53,'http://yahoo.com/en-ca','photograph of the vehicle','18.12.21','1116.03'),
  (41,'https://wikipedia.org/en-ca','photograph of the vehicle','24.11.20','823.52'),
  (24,'https://instagram.com/settings','of the vehicle','31.01.22','615.12'),
  (40,'https://twitter.com/sub','photograph of the vehicle','27.08.20','1112.38'),
  (11,'http://bbc.co.uk/user/110','of the vehicle','06.06.21','1207.41'),
  (46,'http://youtube.com/sub/cars','photograph of the vehicle','16.08.21','1075.89'),
  (76,'http://facebook.com/fr','photograph of the vehicle','01.05.22','1101.33'),
  (30,'http://instagram.com/sub/cars','photograph of the vehicle','27.10.22','524.41'),
  (32,'http://nytimes.com/fr','of the vehicle','14.11.20','1380.54'),
  (60,'https://yahoo.com/user/110','of the vehicle','01.12.22','1039.31'),
  (62,'http://whatsapp.com/user/110','photograph of the vehicle','16.04.20','838.74'),
  (98,'https://naver.com/en-ca','photograph of the vehicle','07.05.20','1338.08'),
  (82,'https://walmart.com/sub','photograph of the vehicle','30.10.20','1056.46'),
  (73,'http://reddit.com/group/9','of the vehicle','11.12.21','1472.54'),
  (37,'https://cnn.com/settings','photograph of the vehicle','11.03.22','956.28'),
  (32,'http://facebook.com/one','photograph of the vehicle','12.10.22','770.89'),
  (41,'https://whatsapp.com/group/9','photograph of the vehicle','05.06.20','1330.73'),
  (12,'https://bbc.co.uk/site','of the vehicle','22.12.20','909.52'),
  (53,'http://naver.com/en-ca','of the vehicle','12.09.22','1228.05'),
  (57,'http://whatsapp.com/sub/cars','photograph of the vehicle','01.07.20','1272.31'),
  (27,'https://guardian.co.uk/settings','photograph of the vehicle','03.06.21','1064.79'),
  (94,'https://google.com/sub','photograph of the vehicle','01.08.20','1261.99'),
  (70,'https://ebay.com/fr','of the vehicle','18.07.22','558.31'),
  (32,'https://guardian.co.uk/sub/cars','of the vehicle','10.04.21','1185.70'),
  (82,'https://baidu.com/group/9','photograph of the vehicle','06.06.21','615.01'),
  (14,'http://yahoo.com/en-us','photograph of the vehicle','30.06.21','929.65'),
  (64,'https://zoom.us/site','of the vehicle','27.11.22','583.29'),
  (58,'https://google.com/sub','photograph of the vehicle','06.10.22','1177.01'),
  (22,'http://zoom.us/site','of the vehicle','03.11.20','804.80'),
  (36,'http://youtube.com/settings','photograph of the vehicle','19.08.21','1476.35'),
  (27,'https://walmart.com/settings','of the vehicle','10.03.22','1169.39'),
  (85,'http://pinterest.com/site','of the vehicle','12.12.20','581.12'),
  (55,'http://reddit.com/site','photograph of the vehicle','18.11.20','1226.26'),
  (25,'https://nytimes.com/group/9','photograph of the vehicle','29.09.21','1334.40'),
  (55,'http://cnn.com/sub','of the vehicle','17.03.22','1589.59'),
  (5,'https://walmart.com/en-ca','of the vehicle','11.08.21','1075.54'),
  (47,'https://cnn.com/group/9','photograph of the vehicle','19.12.20','971.74'),
  (23,'https://twitter.com/user/110','of the vehicle','16.12.22','868.88'),
  (16,'https://instagram.com/site','photograph of the vehicle','06.12.21','871.86'),
  (32,'http://cnn.com/user/110','photograph of the vehicle','05.11.22','1223.81'),
  (49,'https://nytimes.com/fr','photograph of the vehicle','22.08.20','764.24'),
  (90,'https://wikipedia.org/en-ca','photograph of the vehicle','13.06.20','870.23'),
  (91,'https://yahoo.com/group/9','of the vehicle','23.11.21','1011.80'),
  (7,'http://instagram.com/user/110','of the vehicle','18.10.21','1216.43'),
  (35,'https://twitter.com/sub','photograph of the vehicle','02.11.20','1395.35'),
  (53,'http://yahoo.com/sub','of the vehicle','17.12.20','714.29'),
  (65,'https://yahoo.com/site','of the vehicle','04.07.20','1138.65'),
  (33,'http://reddit.com/group/9','of the vehicle','25.12.21','975.57'),
  (72,'http://instagram.com/sub/cars','of the vehicle','13.02.21','961.16'),
  (4,'http://facebook.com/fr','of the vehicle','03.06.22','1055.75'),
  (79,'http://zoom.us/site','of the vehicle','31.01.20','933.82'),
  (82,'https://twitter.com/sub/cars','photograph of the vehicle','27.07.21','767.35'),
  (32,'https://whatsapp.com/site','photograph of the vehicle','15.05.22','1458.44'),
  (24,'http://netflix.com/en-ca','of the vehicle','28.12.22','644.30'),
  (83,'https://reddit.com/en-ca','photograph of the vehicle','17.01.20','669.82'),
  (64,'https://baidu.com/fr','of the vehicle','01.11.20','822.44'),
  (56,'http://zoom.us/sub/cars','photograph of the vehicle','05.03.22','912.48'),
  (79,'http://youtube.com/one','of the vehicle','26.02.21','1121.04'),
  (88,'https://youtube.com/one','photograph of the vehicle','12.01.22','645.72'),
  (50,'http://ebay.com/sub','photograph of the vehicle','25.12.20','749.33'),
  (82,'https://walmart.com/sub','of the vehicle','17.06.22','1114.40'),
  (82,'http://nytimes.com/one','photograph of the vehicle','29.07.22','1336.09'),
  (92,'https://baidu.com/sub/cars','photograph of the vehicle','18.09.21','1200.87'),
  (40,'https://facebook.com/sub','photograph of the vehicle','19.01.20','486.47'),
  (28,'http://google.com/one','photograph of the vehicle','10.12.22','767.41'),
  (68,'http://facebook.com/user/110','photograph of the vehicle','22.04.21','626.47'),
  (96,'https://nytimes.com/user/110','of the vehicle','09.08.21','1046.07'),
  (86,'https://facebook.com/en-ca','of the vehicle','13.04.21','859.02'),
  (13,'https://ebay.com/group/9','photograph of the vehicle','16.01.21','1126.56'),
  (43,'http://facebook.com/group/9','of the vehicle','04.07.22','711.21');
  
SELECT * FROM vehicles_photo;

-- 5.ТЕСТОВЫЕ ДАННЫЕ ДЛЯ ТАБЛИЦЫ С ВИДЕО ТРАНСПОРТНЫХ СРЕДСТВ:
INSERT INTO video (owner_id,url,description,uploaded_at,size)
VALUES
  (89,'https://guardian.co.uk/site','video','01.03.20','980514.01'),
  (10,'https://twitter.com/en-ca','video','18.12.21','1042426.66'),
  (62,'https://wikipedia.org/en-ca','video','20.04.20','964835.20'),
  (17,'https://nytimes.com/en-us','transport video','03.08.22','999488.06'),
  (72,'http://facebook.com/site','video','19.04.20','1013140.28'),
  (78,'https://bbc.co.uk/one','transport video','29.07.21','984796.24'),
  (51,'http://cnn.com/en-us','transport video','19.01.21','994747.30'),
  (85,'https://pinterest.com/settings','transport video','14.03.20','991176.47'),
  (33,'http://nytimes.com/fr','video','28.08.22','1003262.52'),
  (88,'http://zoom.us/en-us','transport video','15.03.22','978190.39'),
  (99,'https://twitter.com/one','video','01.02.20','1028997.84'),
  (74,'http://baidu.com/en-ca','video','20.08.20','988368.07'),
  (72,'http://pinterest.com/en-us','transport video','18.05.21','938321.19'),
  (18,'http://ebay.com/one','transport video','28.03.20','1002588.69'),
  (58,'https://bbc.co.uk/sub','video','01.03.20','1030054.67'),
  (33,'http://pinterest.com/one','transport video','14.06.22','965994.32'),
  (27,'http://instagram.com/fr','transport video','06.05.21','1044253.35'),
  (87,'https://ebay.com/fr','video','23.07.22','984929.00'),
  (77,'https://netflix.com/one','video','04.05.22','985592.81'),
  (48,'http://google.com/site','video','03.08.21','995709.39'),
  (2,'https://nytimes.com/settings','video','29.08.22','992350.41'),
  (44,'https://cnn.com/user/110','transport video','23.08.21','991816.97'),
  (51,'https://yahoo.com/site','video','25.02.20','961146.57'),
  (94,'https://bbc.co.uk/sub','video','27.07.20','1005935.68'),
  (62,'https://walmart.com/group/9','video','07.12.22','967019.88'),
  (36,'http://walmart.com/fr','video','13.12.22','946775.19'),
  (69,'https://nytimes.com/settings','video','10.04.20','961397.25'),
  (43,'https://guardian.co.uk/site','video','06.10.22','1005914.65'),
  (81,'https://twitter.com/site','video','07.09.20','974367.66'),
  (57,'https://google.com/settings','transport video','17.02.21','998697.01'),
  (67,'https://nytimes.com/site','transport video','22.03.21','987979.36'),
  (54,'https://cnn.com/en-ca','video','26.10.21','1006211.15'),
  (95,'http://nytimes.com/en-ca','video','09.01.21','969571.50'),
  (45,'https://google.com/en-ca','transport video','14.03.20','986553.19'),
  (39,'http://cnn.com/sub/cars','video','19.10.22','971703.36'),
  (70,'https://naver.com/site','transport video','02.02.22','975768.02'),
  (74,'http://youtube.com/fr','transport video','26.02.22','1020188.33'),
  (69,'http://ebay.com/sub/cars','transport video','12.07.21','958680.11'),
  (56,'http://zoom.us/one','video','25.09.22','996221.67'),
  (66,'http://pinterest.com/sub/cars','video','05.11.21','1004304.06'),
  (88,'http://zoom.us/en-us','video','23.08.20','985019.34'),
  (45,'http://youtube.com/one','video','11.11.21','1021043.50'),
  (19,'https://yahoo.com/en-us','transport video','07.12.22','995947.22'),
  (24,'http://wikipedia.org/group/9','transport video','04.02.21','1029401.79'),
  (19,'http://yahoo.com/sub','transport video','29.11.22','1024754.83'),
  (33,'https://youtube.com/fr','transport video','01.07.22','970828.51'),
  (37,'https://bbc.co.uk/sub','transport video','11.10.21','983251.91'),
  (23,'https://naver.com/group/9','transport video','26.07.22','970634.92'),
  (6,'https://reddit.com/user/110','video','03.04.20','1019526.80'),
  (8,'http://whatsapp.com/sub/cars','video','01.07.22','940067.16'),
  (90,'http://pinterest.com/user/110','video','18.06.20','990570.33'),
  (93,'http://whatsapp.com/group/9','video','02.09.21','1017787.56'),
  (54,'http://cnn.com/sub/cars','video','14.03.22','1004092.11'),
  (63,'https://twitter.com/group/9','video','21.04.20','990367.22'),
  (20,'https://reddit.com/site','video','10.04.21','1008053.68'),
  (1,'https://youtube.com/fr','transport video','20.02.22','1010456.98'),
  (91,'http://twitter.com/en-us','transport video','27.06.20','982958.01'),
  (61,'https://bbc.co.uk/sub/cars','transport video','28.11.22','953733.22'),
  (40,'https://nytimes.com/sub/cars','video','12.06.21','986770.23'),
  (76,'http://guardian.co.uk/fr','video','16.07.20','1007589.30'),
  (5,'https://reddit.com/sub','video','12.03.22','1003111.41'),
  (73,'https://reddit.com/settings','transport video','10.03.22','1055624.06'),
  (16,'http://walmart.com/sub','video','08.05.20','964736.02'),
  (31,'https://netflix.com/group/9','video','16.01.22','1004527.09'),
  (72,'http://yahoo.com/sub','video','10.12.22','987591.60'),
  (5,'http://pinterest.com/settings','video','21.04.21','1036111.39'),
  (75,'https://cnn.com/user/110','transport video','26.08.21','1001485.88'),
  (85,'http://google.com/group/9','video','10.09.22','1013166.84'),
  (5,'https://baidu.com/one','video','08.10.20','969477.39'),
  (6,'http://walmart.com/sub','video','26.01.20','1002653.92'),
  (28,'https://youtube.com/one','transport video','08.02.20','965673.49'),
  (2,'https://instagram.com/en-us','transport video','09.12.20','945361.61'),
  (84,'https://google.com/sub/cars','video','27.08.20','1022339.97'),
  (93,'https://instagram.com/sub','transport video','06.04.20','1003052.47'),
  (93,'http://ebay.com/site','video','26.03.20','1017096.79'),
  (56,'https://reddit.com/sub','video','06.11.22','991593.33'),
  (45,'https://twitter.com/user/110','video','21.04.21','972255.94'),
  (54,'http://google.com/sub','video','11.03.22','954604.38'),
  (3,'http://walmart.com/en-ca','video','14.07.20','1018279.51'),
  (70,'http://bbc.co.uk/one','video','23.01.22','1003693.69'),
  (92,'https://reddit.com/group/9','video','22.04.22','1037188.75'),
  (12,'https://walmart.com/user/110','transport video','05.07.22','1073268.22'),
  (6,'http://walmart.com/settings','video','14.12.21','976174.20'),
  (91,'http://ebay.com/site','transport video','06.02.20','941868.56'),
  (97,'http://reddit.com/fr','transport video','30.07.21','949033.55'),
  (53,'https://wikipedia.org/user/110','transport video','25.11.20','967458.79'),
  (20,'https://instagram.com/site','video','20.01.22','989564.20'),
  (22,'https://bbc.co.uk/fr','video','25.02.21','998276.71'),
  (36,'http://bbc.co.uk/user/110','transport video','27.11.21','974431.10'),
  (15,'http://google.com/one','transport video','02.11.20','965267.35'),
  (6,'https://wikipedia.org/one','video','27.12.22','1001506.44'),
  (41,'https://wikipedia.org/en-us','transport video','25.10.22','950193.21'),
  (34,'http://twitter.com/fr','video','10.06.22','1030100.69'),
  (62,'http://baidu.com/fr','video','28.04.22','1025704.40'),
  (56,'http://wikipedia.org/settings','video','06.05.21','998790.93'),
  (44,'http://ebay.com/fr','transport video','01.09.21','1022502.14'),
  (86,'http://pinterest.com/group/9','video','14.04.22','983607.74'),
  (73,'https://yahoo.com/user/110','video','16.08.21','978243.59'),
  (11,'http://facebook.com/en-ca','transport video','30.05.22','1034527.67'),
  (53,'http://pinterest.com/fr','video','12.03.22','1013693.51');
 
SELECT * FROM video;

-- 6.ТЕСТОВЫЕ ДАННЫЕ ДЛЯ ТАБЛИЦЫ С ЛЕГКОВЫМИ ТРАНСПОРТНЫМИ СРЕДСТВАМИ:
INSERT INTO light_vehicles (car_brand,car_name,car_color,engine_power,gearbox,car_body,year_of_issue,created_at)
VALUES
  ('Mercedes Benz','some name','blue',185,'automatic','sedan','10.11.20','13.07.20'),
  ('Volvo','some name','red',565,'manual','convertible','17.11.22','24.11.20'),
  ('Renault','some name','yellow',219,'robot','wagon','10.10.20','11.06.22'),
  ('Nissan','some name','white',253,'automatic','minivan','18.08.22','19.01.19'),
  ('Mitsubishi','some name','black',587,'manual','crossover','17.09.21','19.07.21'),
  ('BMW','some name','green',581,'robot','sedan','10.11.18','24.03.19'),
  ('Kia','some name','brown',488,'automatic','convertible','24.12.20','17.06.20'),
  ('Mazda','some name','blue',184,'manual','wagon','06.12.21','18.08.21'),
  ('Hyundai','some name','red',189,'robot','minivan','27.02.21','13.05.23'),
  ('Honda','some name','yellow',260,'automatic','crossover','08.06.21','01.06.23'),
  ('Mercedes Benz','some name','white',556,'manual','sedan','17.08.21','04.04.22'),
  ('Volvo','some name','black',434,'robot','convertible','29.10.22','24.12.22'),
  ('Renault','some name','green',152,'automatic','wagon','19.06.19','27.09.20'),
  ('Nissan','some name','brown',118,'manual','minivan','11.12.21','16.05.21'),
  ('Mitsubishi','some name','blue',221,'robot','crossover','18.02.21','10.12.23'),
  ('BMW','some name','red',179,'automatic','sedan','16.02.19','20.03.23'),
  ('Kia','some name','yellow',169,'manual','convertible','03.01.19','20.12.19'),
  ('Mazda','some name','white',219,'robot','wagon','13.01.19','09.04.20'),
  ('Hyundai','some name','black',139,'automatic','minivan','08.06.21','27.10.23'),
  ('Honda','some name','green',149,'manual','crossover','26.07.19','28.01.21'),
  ('Mercedes Benz','some name','brown',487,'robot','sedan','15.09.19','17.02.21'),
  ('Volvo','some name','blue',488,'automatic','convertible','23.06.19','13.04.23'),
  ('Renault','some name','red',88,'manual','wagon','30.10.20','05.08.22'),
  ('Nissan','some name','yellow',593,'robot','minivan','27.01.20','25.07.22'),
  ('Mitsubishi','some name','white',260,'automatic','crossover','03.08.20','24.10.18'),
  ('BMW','some name','black',84,'manual','sedan','30.04.20','14.10.21'),
  ('Kia','some name','green',222,'robot','convertible','22.04.22','20.08.22'),
  ('Mazda','some name','brown',440,'automatic','wagon','05.11.21','29.09.21'),
  ('Hyundai','some name','blue',450,'manual','minivan','23.08.20','10.03.23'),
  ('Honda','some name','red',447,'robot','crossover','06.09.18','10.04.20'),
  ('Mercedes Benz','some name','yellow',400,'automatic','sedan','20.06.21','12.04.19'),
  ('Volvo','some name','white',280,'manual','convertible','08.12.18','22.05.22'),
  ('Renault','some name','black',324,'robot','wagon','04.09.20','29.11.18'),
  ('Nissan','some name','green',268,'automatic','minivan','25.11.18','19.01.23'),
  ('Mitsubishi','some name','brown',547,'manual','crossover','26.05.21','11.05.23'),
  ('BMW','some name','blue',347,'robot','sedan','10.05.20','17.11.20'),
  ('Kia','some name','red',553,'automatic','convertible','28.10.18','08.11.20'),
  ('Mazda','some name','yellow',560,'manual','wagon','27.10.19','02.05.20'),
  ('Hyundai','some name','white',467,'robot','minivan','31.12.22','01.03.22'),
  ('Honda','some name','black',147,'automatic','crossover','14.03.20','16.05.23'),
  ('Mercedes Benz','some name','green',270,'manual','sedan','23.12.22','17.05.20'),
  ('Volvo','some name','brown',422,'robot','convertible','24.06.19','15.04.22'),
  ('Renault','some name','blue',366,'automatic','wagon','10.11.18','06.12.18'),
  ('Nissan','some name','red',554,'manual','minivan','17.06.19','19.08.21'),
  ('Mitsubishi','some name','yellow',233,'robot','crossover','10.11.19','06.08.19'),
  ('BMW','some name','white',150,'automatic','sedan','12.08.22','05.09.23'),
  ('Kia','some name','black',121,'manual','convertible','27.06.22','10.02.21'),
  ('Mazda','some name','green',221,'robot','wagon','10.01.21','26.12.22'),
  ('Hyundai','some name','brown',325,'automatic','minivan','01.08.21','15.04.23'),
  ('Honda','some name','blue',256,'manual','crossover','25.03.22','18.10.23'),
  ('Mercedes Benz','some name','red',235,'robot','sedan','21.01.19','30.12.22'),
  ('Volvo','some name','yellow',593,'automatic','convertible','10.01.19','01.03.20'),
  ('Renault','some name','white',314,'manual','wagon','13.05.21','18.02.23'),
  ('Nissan','some name','black',587,'robot','minivan','30.05.22','17.04.22'),
  ('Mitsubishi','some name','green',269,'automatic','crossover','28.08.19','07.08.19'),
  ('BMW','some name','brown',530,'manual','sedan','02.11.18','29.07.20'),
  ('Kia','some name','blue',593,'robot','convertible','01.02.21','04.08.19'),
  ('Mazda','some name','red',327,'automatic','wagon','11.08.19','04.11.23'),
  ('Hyundai','some name','yellow',288,'manual','minivan','23.08.22','07.05.19'),
  ('Honda','some name','white',183,'robot','crossover','07.11.18','19.06.23'),
  ('Mercedes Benz','some name','black',113,'automatic','sedan','04.09.18','06.11.20'),
  ('Volvo','some name','green',516,'manual','convertible','07.08.20','17.08.19'),
  ('Renault','some name','brown',110,'robot','wagon','27.09.19','20.03.20'),
  ('Nissan','some name','blue',195,'automatic','minivan','05.09.21','03.10.21'),
  ('Mitsubishi','some name','red',213,'manual','crossover','02.11.19','24.01.19'),
  ('BMW','some name','yellow',518,'robot','sedan','12.04.19','03.11.22'),
  ('Kia','some name','white',514,'automatic','convertible','20.05.20','03.12.23'),
  ('Mazda','some name','black',213,'manual','wagon','30.08.20','20.07.22'),
  ('Hyundai','some name','green',251,'robot','minivan','22.05.22','14.06.23'),
  ('Honda','some name','brown',410,'automatic','crossover','22.07.20','19.12.22'),
  ('Mercedes Benz','some name','blue',224,'manual','sedan','04.01.22','26.11.20'),
  ('Volvo','some name','red',536,'robot','convertible','15.07.19','16.12.18'),
  ('Renault','some name','yellow',373,'automatic','wagon','16.10.22','22.08.21'),
  ('Nissan','some name','white',521,'manual','minivan','26.09.20','24.08.19'),
  ('Mitsubishi','some name','black',322,'robot','crossover','10.08.20','26.06.22'),
  ('BMW','some name','green',411,'automatic','sedan','22.07.21','13.10.19'),
  ('Kia','some name','brown',300,'manual','convertible','10.12.21','19.03.22'),
  ('Mazda','some name','blue',292,'robot','wagon','16.07.22','30.06.19'),
  ('Hyundai','some name','red',96,'automatic','minivan','14.02.20','05.11.20'),
  ('Honda','some name','yellow',428,'manual','crossover','02.06.22','24.04.20'),
  ('Mercedes Benz','some name','white',372,'robot','sedan','09.04.20','11.03.21'),
  ('Volvo','some name','black',485,'automatic','convertible','15.07.20','17.01.20'),
  ('Renault','some name','green',232,'manual','wagon','05.05.20','29.09.22'),
  ('Nissan','some name','brown',600,'robot','minivan','12.12.21','03.04.19'),
  ('Mitsubishi','some name','blue',201,'automatic','crossover','13.04.20','18.04.22'),
  ('BMW','some name','red',343,'manual','sedan','26.12.21','06.12.18'),
  ('Kia','some name','yellow',189,'robot','convertible','05.12.18','26.01.19'),
  ('Mazda','some name','white',528,'automatic','wagon','04.07.22','16.07.23'),
  ('Hyundai','some name','black',291,'manual','minivan','28.03.21','15.07.22'),
  ('Honda','some name','green',231,'robot','crossover','05.02.19','03.04.19'),
  ('Mercedes Benz','some name','brown',372,'automatic','sedan','11.02.22','18.02.20'),
  ('Volvo','some name','blue',321,'manual','convertible','20.08.20','18.07.19'),
  ('Renault','some name','red',465,'robot','wagon','06.05.22','26.11.20'),
  ('Nissan','some name','yellow',331,'automatic','minivan','16.05.21','28.07.23'),
  ('Mitsubishi','some name','white',112,'manual','crossover','10.10.18','07.03.23'),
  ('BMW','some name','black',458,'robot','sedan','12.04.19','23.08.21'),
  ('Kia','some name','green',108,'automatic','convertible','08.05.22','28.11.20'),
  ('Mazda','some name','brown',81,'manual','wagon','13.06.22','01.12.19'),
  ('Hyundai','some name','blue',211,'robot','minivan','01.02.20','21.12.21'),
  ('Honda','some name','red',369,'automatic','crossover','17.09.22','15.05.22');
  
SELECT * FROM light_vehicles;

-- 7.ТЕСТОВЫЕ ДАННЫЕ ДЛЯ ТАБЛИЦЫ С ГРУЗОВЫМИ ТРАНСПОРТНЫМИ СРЕДСТВАМИ:
INSERT INTO freight_vehicles (car_brand,car_name,car_color,engine_power,gearbox,car_body,year_of_issue,created_at)
VALUES
  ('Mercedes Benz','simple truck','blue',635,'automatic','open','27.06.19','03.06.19'),
  ('Man','truck with accommodation','red',453,'manual','closed','05.09.22','12.02.19'),
  ('Daf','timber carrier','yellow',540,'robot','open','13.10.22','22.05.19'),
  ('Scania','simple truck','white',601,'automatic','closed','11.09.19','10.11.21'),
  ('Iveco','truck with accommodation','black',892,'manual','open','31.03.20','20.10.22'),
  ('Volvo','timber carrier','green',737,'robot','closed','23.12.22','31.03.23'),
  ('Renault','simple truck','brown',518,'automatic','open','19.09.22','04.03.20'),
  ('Nissan','truck with accommodation','blue',400,'manual','closed','27.03.22','02.03.19'),
  ('Mitsubishi','timber carrier','red',644,'robot','open','03.05.19','14.05.19'),
  ('Mercedes Benz','simple truck','yellow',499,'automatic','closed','27.02.21','16.11.21'),
  ('Man','truck with accommodation','white',569,'manual','open','28.07.21','17.07.23'),
  ('Daf','timber carrier','black',765,'robot','closed','04.04.19','05.03.23'),
  ('Scania','simple truck','green',255,'automatic','open','25.03.20','30.11.22'),
  ('Iveco','truck with accommodation','brown',991,'manual','closed','11.10.22','05.02.19'),
  ('Volvo','timber carrier','blue',803,'robot','open','13.05.19','09.02.23'),
  ('Renault','simple truck','red',811,'automatic','closed','03.11.20','27.08.19'),
  ('Nissan','truck with accommodation','yellow',371,'manual','open','20.09.21','06.04.22'),
  ('Mitsubishi','timber carrier','white',723,'robot','closed','03.02.21','26.01.20'),
  ('Mercedes Benz','simple truck','black',716,'automatic','open','12.08.21','27.07.23'),
  ('Man','truck with accommodation','green',964,'manual','closed','29.08.21','20.05.20'),
  ('Daf','timber carrier','brown',366,'robot','open','13.12.19','11.12.20'),
  ('Scania','simple truck','blue',618,'automatic','closed','29.09.19','18.02.21'),
  ('Iveco','truck with accommodation','red',614,'manual','open','18.10.22','02.02.21'),
  ('Volvo','timber carrier','yellow',827,'robot','closed','25.02.22','01.05.20'),
  ('Renault','simple truck','white',842,'automatic','open','10.02.21','03.11.20'),
  ('Nissan','truck with accommodation','black',289,'manual','closed','08.11.18','05.12.23'),
  ('Mitsubishi','timber carrier','green',467,'robot','open','08.12.22','02.12.18'),
  ('Mercedes Benz','simple truck','brown',242,'automatic','closed','19.02.21','13.12.20'),
  ('Man','truck with accommodation','blue',677,'manual','open','15.10.20','23.11.22'),
  ('Daf','timber carrier','red',369,'robot','closed','04.11.22','27.12.18'),
  ('Scania','simple truck','yellow',535,'automatic','open','04.06.20','09.03.22'),
  ('Iveco','truck with accommodation','white',183,'manual','closed','03.10.18','07.02.23'),
  ('Volvo','timber carrier','black',539,'robot','open','27.02.22','22.05.19'),
  ('Renault','simple truck','green',920,'automatic','closed','08.05.20','25.09.19'),
  ('Nissan','truck with accommodation','brown',158,'manual','open','17.12.22','14.06.19'),
  ('Mitsubishi','timber carrier','blue',789,'robot','closed','10.04.22','14.04.20'),
  ('Mercedes Benz','simple truck','red',374,'automatic','open','09.07.20','23.01.22'),
  ('Man','truck with accommodation','yellow',546,'manual','closed','07.07.20','23.07.23'),
  ('Daf','timber carrier','white',404,'robot','open','20.12.21','19.10.18'),
  ('Scania','simple truck','black',439,'automatic','closed','25.06.21','10.10.22'),
  ('Iveco','truck with accommodation','green',942,'manual','open','07.10.21','05.12.23'),
  ('Volvo','timber carrier','brown',457,'robot','closed','07.07.22','26.06.21'),
  ('Renault','simple truck','blue',977,'automatic','open','29.09.19','07.03.20'),
  ('Nissan','truck with accommodation','red',966,'manual','closed','18.05.22','22.03.20'),
  ('Mitsubishi','timber carrier','yellow',483,'robot','open','18.05.22','27.05.23'),
  ('Mercedes Benz','simple truck','white',280,'automatic','closed','06.06.20','03.08.20'),
  ('Man','truck with accommodation','black',922,'manual','open','13.05.20','22.10.22'),
  ('Daf','timber carrier','green',633,'robot','closed','13.12.20','16.11.19'),
  ('Scania','simple truck','brown',177,'automatic','open','28.03.20','22.04.22'),
  ('Iveco','truck with accommodation','blue',934,'manual','closed','09.10.20','22.01.21'),
  ('Volvo','timber carrier','red',669,'robot','open','11.04.19','24.01.19'),
  ('Renault','simple truck','yellow',179,'automatic','closed','11.03.22','10.04.22'),
  ('Nissan','truck with accommodation','white',302,'manual','open','19.12.21','20.03.23'),
  ('Mitsubishi','timber carrier','black',764,'robot','closed','15.06.19','01.08.20'),
  ('Mercedes Benz','simple truck','green',553,'automatic','open','27.10.20','11.06.21'),
  ('Man','truck with accommodation','brown',773,'manual','closed','30.03.21','26.07.20'),
  ('Daf','timber carrier','blue',453,'robot','open','24.05.21','03.12.23'),
  ('Scania','simple truck','red',419,'automatic','closed','25.06.22','18.01.23'),
  ('Iveco','truck with accommodation','yellow',680,'manual','open','07.09.20','26.07.22'),
  ('Volvo','timber carrier','white',797,'robot','closed','21.04.22','26.10.21'),
  ('Renault','simple truck','black',888,'automatic','open','08.03.20','15.12.22'),
  ('Nissan','truck with accommodation','green',759,'manual','closed','01.03.20','23.10.19'),
  ('Mitsubishi','timber carrier','brown',727,'robot','open','19.10.19','28.06.22'),
  ('Mercedes Benz','simple truck','blue',460,'automatic','closed','11.12.20','23.10.21'),
  ('Man','truck with accommodation','red',515,'manual','open','03.02.21','19.06.23'),
  ('Daf','timber carrier','yellow',605,'robot','closed','16.09.19','15.09.19'),
  ('Scania','simple truck','white',707,'automatic','open','24.07.22','10.05.19'),
  ('Iveco','truck with accommodation','black',655,'manual','closed','13.07.21','06.07.23'),
  ('Volvo','timber carrier','green',258,'robot','open','02.02.21','18.04.22'),
  ('Renault','simple truck','brown',197,'automatic','closed','14.05.21','11.08.21'),
  ('Nissan','truck with accommodation','blue',500,'manual','open','13.10.20','08.06.20'),
  ('Mitsubishi','timber carrier','red',616,'robot','closed','29.11.21','04.10.18'),
  ('Mercedes Benz','simple truck','yellow',460,'automatic','open','15.06.22','30.04.23'),
  ('Man','truck with accommodation','white',898,'manual','closed','04.10.18','24.12.22'),
  ('Daf','timber carrier','black',274,'robot','open','02.07.21','05.01.22'),
  ('Scania','simple truck','green',331,'automatic','closed','11.06.21','01.09.22'),
  ('Iveco','truck with accommodation','brown',449,'manual','open','25.06.22','28.12.20'),
  ('Volvo','timber carrier','blue',862,'robot','closed','01.01.21','06.01.20'),
  ('Renault','simple truck','red',591,'automatic','open','26.08.22','06.07.20'),
  ('Nissan','truck with accommodation','yellow',652,'manual','closed','01.02.19','06.09.21'),
  ('Mitsubishi','timber carrier','white',673,'robot','open','07.01.22','20.06.19'),
  ('Mercedes Benz','simple truck','black',302,'automatic','closed','05.11.21','28.12.22'),
  ('Man','truck with accommodation','green',242,'manual','open','25.12.19','25.06.19'),
  ('Daf','timber carrier','brown',858,'robot','closed','15.03.21','12.03.19'),
  ('Scania','simple truck','blue',499,'automatic','open','05.03.20','18.09.21'),
  ('Iveco','truck with accommodation','red',966,'manual','closed','24.10.19','16.05.19'),
  ('Volvo','timber carrier','yellow',178,'robot','open','13.02.19','11.06.23'),
  ('Renault','simple truck','white',603,'automatic','closed','29.05.22','22.12.22'),
  ('Nissan','truck with accommodation','black',454,'manual','open','21.09.21','15.11.22'),
  ('Mitsubishi','timber carrier','green',652,'robot','closed','18.10.19','29.06.19'),
  ('Mercedes Benz','simple truck','brown',402,'automatic','open','05.09.18','12.11.22'),
  ('Man','truck with accommodation','blue',600,'manual','closed','28.05.22','04.02.23'),
  ('Daf','timber carrier','red',682,'robot','open','29.07.19','22.04.21'),
  ('Scania','simple truck','yellow',230,'automatic','closed','04.03.20','12.08.20'),
  ('Iveco','truck with accommodation','white',485,'manual','open','04.11.18','13.02.23'),
  ('Volvo','timber carrier','black',319,'robot','closed','05.12.22','27.04.22'),
  ('Renault','simple truck','green',319,'automatic','open','19.09.19','22.04.21'),
  ('Nissan','truck with accommodation','brown',365,'manual','closed','14.10.22','29.05.20'),
  ('Mitsubishi','timber carrier','blue',331,'robot','open','21.09.19','14.05.19'),
  ('Mercedes Benz','simple truck','red',689,'automatic','closed','25.01.20','03.03.23');
  
SELECT * FROM freight_vehicles;

-- 8.ТЕСТОВЫЕ ДАННЫЕ ДЛЯ ТАБЛИЦЫ С МОТОЦИКЛАМИ:
INSERT INTO motorcycles (moto_brand,moto_name,moto_color,engine_power,gearbox,moto_body,year_of_issue,created_at)
VALUES
  ('Mitsubishi','some name','blue',458,'automatic','Classic','19.07.20','30.08.21'),
  ('BMW','some name','red',221,'manual','Sports','24.05.21','03.12.23'),
  ('Honda','some name','yellow',312,'robot','Superbike','26.10.22','06.02.20'),
  ('Yamaha','some name','white',428,'automatic','Cruiser','06.06.21','09.12.19'),
  ('Ducati','some name','black',398,'manual','Dragster','04.07.19','29.06.19'),
  ('Dodge','some name','green',28,'robot','Motard','01.03.22','01.09.21'),
  ('MTT','some name','brown',22,'automatic','Minibike','12.06.21','19.04.20'),
  ('Suzuki','some name','blue',337,'manual','Classic','12.08.22','14.11.23'),
  ('Kawasaki','some name','red',227,'robot','Sports','23.01.19','14.06.19'),
  ('Mitsubishi','some name','yellow',168,'automatic','Superbike','09.09.19','25.06.21'),
  ('BMW','some name','white',61,'manual','Cruiser','28.05.21','03.09.22'),
  ('Honda','some name','black',451,'robot','Dragster','19.10.21','27.10.20'),
  ('Yamaha','some name','green',435,'automatic','Motard','10.03.21','02.06.20'),
  ('Ducati','some name','brown',365,'manual','Minibike','23.08.20','29.11.23'),
  ('Dodge','some name','blue',537,'robot','Classic','28.08.22','28.07.19'),
  ('MTT','some name','red',194,'automatic','Sports','16.07.20','20.11.22'),
  ('Suzuki','some name','yellow',179,'manual','Superbike','23.11.20','07.12.20'),
  ('Kawasaki','some name','white',545,'robot','Cruiser','21.10.22','10.03.20'),
  ('Mitsubishi','some name','black',369,'automatic','Dragster','20.09.18','01.09.20'),
  ('BMW','some name','green',459,'manual','Motard','05.08.22','29.10.19'),
  ('Honda','some name','brown',45,'robot','Minibike','03.10.20','23.02.23'),
  ('Yamaha','some name','blue',388,'automatic','Classic','20.07.19','13.12.19'),
  ('Ducati','some name','red',591,'manual','Sports','02.06.21','13.03.21'),
  ('Dodge','some name','yellow',528,'robot','Superbike','16.06.21','05.11.23'),
  ('MTT','some name','white',263,'automatic','Cruiser','14.04.19','16.03.23'),
  ('Suzuki','some name','black',350,'manual','Dragster','02.07.20','07.11.18'),
  ('Kawasaki','some name','green',538,'robot','Motard','30.09.22','14.11.20'),
  ('Mitsubishi','some name','brown',113,'automatic','Minibike','14.12.20','18.12.19'),
  ('BMW','some name','blue',520,'manual','Classic','04.11.18','03.07.22'),
  ('Honda','some name','red',446,'robot','Sports','21.01.20','14.12.22'),
  ('Yamaha','some name','yellow',62,'automatic','Superbike','20.03.20','03.03.20'),
  ('Ducati','some name','white',517,'manual','Cruiser','08.01.19','12.10.19'),
  ('Dodge','some name','black',286,'robot','Dragster','21.07.22','01.09.22'),
  ('MTT','some name','green',71,'automatic','Motard','30.03.21','04.02.20'),
  ('Suzuki','some name','brown',303,'manual','Minibike','21.12.19','03.03.22'),
  ('Kawasaki','some name','blue',38,'robot','Classic','21.03.21','21.08.21'),
  ('Mitsubishi','some name','red',107,'automatic','Sports','02.07.20','19.04.21'),
  ('BMW','some name','yellow',576,'manual','Superbike','07.06.21','05.09.19'),
  ('Honda','some name','white',149,'robot','Cruiser','13.07.21','10.08.22'),
  ('Yamaha','some name','black',290,'automatic','Dragster','02.10.19','16.08.20'),
  ('Ducati','some name','green',295,'manual','Motard','27.03.20','29.11.19'),
  ('Dodge','some name','brown',219,'robot','Minibike','19.08.22','16.06.20'),
  ('MTT','some name','blue',70,'automatic','Classic','29.10.19','26.08.22'),
  ('Suzuki','some name','red',568,'manual','Sports','22.11.18','09.07.20'),
  ('Kawasaki','some name','yellow',571,'robot','Superbike','03.02.22','19.02.20'),
  ('Mitsubishi','some name','white',282,'automatic','Cruiser','14.06.20','25.08.21'),
  ('BMW','some name','black',319,'manual','Dragster','13.12.21','22.07.23'),
  ('Honda','some name','green',133,'robot','Motard','03.03.21','27.03.22'),
  ('Yamaha','some name','brown',165,'automatic','Minibike','03.12.18','01.12.20'),
  ('Ducati','some name','blue',45,'manual','Classic','20.12.19','11.05.19'),
  ('Dodge','some name','red',261,'robot','Sports','22.07.21','17.05.23'),
  ('MTT','some name','yellow',246,'automatic','Superbike','14.12.21','27.01.23'),
  ('Suzuki','some name','white',175,'manual','Cruiser','02.07.21','22.02.21'),
  ('Kawasaki','some name','black',199,'robot','Dragster','08.09.21','28.09.20'),
  ('Mitsubishi','some name','green',568,'automatic','Motard','18.09.18','09.12.19'),
  ('BMW','some name','brown',68,'manual','Minibike','02.04.19','12.02.22'),
  ('Honda','some name','blue',413,'robot','Classic','09.02.20','02.01.20'),
  ('Yamaha','some name','red',199,'automatic','Sports','28.11.19','25.08.22'),
  ('Ducati','some name','yellow',309,'manual','Superbike','19.12.20','29.12.22'),
  ('Dodge','some name','white',342,'robot','Cruiser','03.03.20','20.09.21'),
  ('MTT','some name','black',516,'automatic','Dragster','20.04.21','14.01.21'),
  ('Suzuki','some name','green',139,'manual','Motard','13.02.21','17.04.19'),
  ('Kawasaki','some name','brown',454,'robot','Minibike','02.06.21','19.12.20'),
  ('Mitsubishi','some name','blue',57,'automatic','Classic','10.06.22','22.01.22'),
  ('BMW','some name','red',51,'manual','Sports','23.09.21','12.01.20'),
  ('Honda','some name','yellow',509,'robot','Superbike','16.03.19','04.12.18'),
  ('Yamaha','some name','white',195,'automatic','Cruiser','26.08.21','07.10.19'),
  ('Ducati','some name','black',480,'manual','Dragster','03.01.20','04.03.22'),
  ('Dodge','some name','green',580,'robot','Motard','13.04.21','06.10.22'),
  ('MTT','some name','brown',470,'automatic','Minibike','30.01.21','13.10.19'),
  ('Suzuki','some name','blue',102,'manual','Classic','30.01.20','11.08.23'),
  ('Kawasaki','some name','red',199,'robot','Sports','08.08.21','18.01.20'),
  ('Mitsubishi','some name','yellow',89,'automatic','Superbike','29.12.22','20.10.20'),
  ('BMW','some name','white',153,'manual','Cruiser','25.08.22','12.12.21'),
  ('Honda','some name','black',576,'robot','Dragster','07.10.20','24.10.20'),
  ('Yamaha','some name','green',91,'automatic','Motard','18.09.22','05.06.22'),
  ('Ducati','some name','brown',349,'manual','Minibike','07.02.19','28.11.23'),
  ('Dodge','some name','blue',157,'robot','Classic','10.05.21','12.11.23'),
  ('MTT','some name','red',60,'automatic','Sports','04.05.20','30.12.23'),
  ('Suzuki','some name','yellow',598,'manual','Superbike','06.09.18','14.07.20'),
  ('Kawasaki','some name','white',322,'robot','Cruiser','20.02.20','16.09.19'),
  ('Mitsubishi','some name','black',267,'automatic','Dragster','18.11.20','09.09.20'),
  ('BMW','some name','green',419,'manual','Motard','03.09.20','30.05.19'),
  ('Honda','some name','brown',283,'robot','Minibike','16.08.20','20.11.18'),
  ('Yamaha','some name','blue',382,'automatic','Classic','04.09.19','23.12.21'),
  ('Ducati','some name','red',190,'manual','Sports','27.08.21','31.03.20'),
  ('Dodge','some name','yellow',231,'robot','Superbike','13.03.22','07.08.21'),
  ('MTT','some name','white',33,'automatic','Cruiser','03.05.19','17.07.20'),
  ('Suzuki','some name','black',372,'manual','Dragster','08.05.21','19.03.22'),
  ('Kawasaki','some name','green',173,'robot','Motard','16.12.21','07.10.20'),
  ('Mitsubishi','some name','brown',363,'automatic','Minibike','09.10.19','08.09.20'),
  ('BMW','some name','blue',269,'manual','Classic','22.01.19','18.10.21'),
  ('Honda','some name','red',380,'robot','Sports','13.06.19','13.04.22'),
  ('Yamaha','some name','yellow',217,'automatic','Superbike','24.10.21','31.07.21'),
  ('Ducati','some name','white',479,'manual','Cruiser','20.03.19','18.01.20'),
  ('Dodge','some name','black',429,'robot','Dragster','01.11.20','29.10.21'),
  ('MTT','some name','green',443,'automatic','Motard','12.03.22','03.12.22'),
  ('Suzuki','some name','brown',112,'manual','Minibike','23.10.19','06.05.23'),
  ('Kawasaki','some name','blue',537,'robot','Classic','02.04.21','15.10.20'),
  ('Mitsubishi','some name','red',402,'automatic','Sports','26.12.18','02.12.19');
  
SELECT * FROM motorcycles;

-- 9.ТЕСТОВЫЕ ДАННЫЕ ДЛЯ ТАБЛИЦЫ С ЧАСТНЫМИ ОБЪЯВЛЕНИЯМИ:
INSERT INTO private_seller (id_user,id_light_vehicles,id_freight_vehicles,id_motorcycles,description,status,photo_id,video_id,price,created_at)
VALUES
  (43,39,null,null,'sell a vehicle','for sale',49,96,2476125,'31.12.21'),
  (34,null,null,93,'sell a vehicle','sales',62,24,6849973,'31.12.21'),
  (19,26,null,null,'sell a vehicle','for sale',99,96,988467,'31.12.21'),
  (36,null,null,80,'sell a vehicle','sales',33,61,7366651,'31.12.21'),
  (93,87,null,null,'sell a vehicle','for sale',5,60,967986,'31.12.21'),
  (10,41,null,null,'sell a vehicle','sales',48,44,2128018,'31.12.21'),
  (67,null,null,37,'sell a vehicle','for sale',64,33,3292410,'31.12.21'),
  (10,null,null,60,'sell a vehicle','sales',100,36,2894207,'31.12.21'),
  (3,12,null,null,'sell a vehicle','for sale',72,17,8283245,'31.12.21'),
  (81,null,null,43,'sell a vehicle','sales',68,90,7387039,'31.12.21'),
  (52,null,null,90,'sell a vehicle','for sale',25,85,7727046,'31.12.21'),
  (77,35,null,null,'sell a vehicle','sales',60,92,6699689,'31.12.21'),
  (35,null,null,59,'sell a vehicle','for sale',98,66,4945633,'31.12.21'),
  (75,null,null,2,'sell a vehicle','sales',74,88,2055801,'31.12.21'),
  (46,42,null,null,'sell a vehicle','for sale',9,69,8784403,'31.12.21'),
  (17,61,null,null,'sell a vehicle','sales',77,79,2037946,'31.12.21'),
  (5,null,null,65,'sell a vehicle','for sale',82,59,1154884,'31.12.21'),
  (2,75,null,null,'sell a vehicle','sales',16,35,6764322,'31.12.21'),
  (94,27,null,null,'sell a vehicle','for sale',59,11,3300174,'31.12.21'),
  (17,null,null,73,'sell a vehicle','sales',47,44,7825049,'31.12.21'),
  (91,88,null,null,'sell a vehicle','for sale',71,37,453225,'31.12.21'),
  (43,null,null,48,'sell a vehicle','sales',8,75,7896780,'31.12.21'),
  (2,37,67,23,'sell a vehicle','for sale',76,95,2921297,'31.12.21'),
  (49,null,null,9,'sell a vehicle','sales',63,94,6317184,'31.12.21'),
  (33,null,null,100,'sell a vehicle','for sale',50,76,3979191,'31.12.21'),
  (6,null,null,10,'sell a vehicle','sales',63,54,881270,'31.12.21'),
  (49,null,null,20,'sell a vehicle','for sale',15,61,342743,'31.12.21'),
  (88,null,null,10,'sell a vehicle','sales',34,56,5061646,'31.12.21'),
  (17,35,null,null,'sell a vehicle','for sale',86,43,8104014,'31.12.21'),
  (94,99,null,null,'sell a vehicle','sales',70,71,9395022,'31.12.21'),
  (90,null,null,70,'sell a vehicle','for sale',20,32,648073,'31.12.21'),
  (98,null,null,99,'sell a vehicle','sales',48,43,8628451,'31.12.21'),
  (4,56,null,null,'sell a vehicle','for sale',11,36,7310311,'31.12.21'),
  (38,28,null,null,'sell a vehicle','sales',17,52,1164609,'31.12.21'),
  (84,null,null,21,'sell a vehicle','for sale',74,10,6860475,'31.12.21'),
  (62,63,91,67,'sell a vehicle','sales',29,74,7954494,'31.12.21'),
  (18,null,null,65,'sell a vehicle','for sale',4,32,9090717,'31.12.21'),
  (89,null,null,50,'sell a vehicle','sales',23,50,5680679,'31.12.21'),
  (50,null,null,17,'sell a vehicle','for sale',39,13,3651534,'31.12.21'),
  (48,71,null,null,'sell a vehicle','sales',34,66,7385181,'31.12.21'),
  (36,14,null,null,'sell a vehicle','for sale',56,23,988107,'31.12.21'),
  (24,12,null,null,'sell a vehicle','sales',48,49,8780983,'31.12.21'),
  (42,null,null,99,'sell a vehicle','for sale',77,19,4567621,'31.12.21'),
  (27,null,48,null,'sell a vehicle','sales',52,5,8316641,'31.12.21'),
  (59,null,7,null,'sell a vehicle','for sale',91,82,9234903,'31.12.21'),
  (54,49,null,null,'sell a vehicle','sales',80,11,7458494,'31.12.21'),
  (64,null,38,null,'sell a vehicle','for sale',17,78,4146832,'31.12.21'),
  (24,null,null,45,'sell a vehicle','sales',44,51,9929750,'31.12.21'),
  (3,55,null,null,'sell a vehicle','for sale',67,13,5459488,'31.12.21'),
  (53,81,null,null,'sell a vehicle','sales',19,90,4009046,'31.12.21'),
  (44,48,null,null,'sell a vehicle','for sale',65,79,2788049,'31.12.21'),
  (8,87,null,null,'sell a vehicle','sales',73,67,9613505,'31.12.21'),
  (90,null,null,22,'sell a vehicle','for sale',83,28,6008297,'31.12.21'),
  (44,null,100,null,'sell a vehicle','sales',18,5,8153068,'31.12.21'),
  (49,null,null,67,'sell a vehicle','for sale',60,16,510506,'31.12.21'),
  (80,67,null,null,'sell a vehicle','sales',1,61,4109939,'31.12.21'),
  (90,62,null,null,'sell a vehicle','for sale',30,100,3719101,'31.12.21'),
  (24,null,82,null,'sell a vehicle','sales',31,60,6499369,'31.12.21'),
  (38,63,null,null,'sell a vehicle','for sale',74,66,5333137,'31.12.21'),
  (87,null,13,null,'sell a vehicle','sales',3,29,2067790,'31.12.21'),
  (50,null,null,9,'sell a vehicle','for sale',61,5,4072177,'31.12.21'),
  (80,null,null,35,'sell a vehicle','sales',91,17,9684145,'31.12.21'),
  (98,null,null,76,'sell a vehicle','for sale',92,20,655357,'31.12.21'),
  (78,34,null,null,'sell a vehicle','sales',26,73,3471073,'31.12.21'),
  (10,null,5,null,'sell a vehicle','for sale',45,51,6595372,'31.12.21'),
  (99,34,null,null,'sell a vehicle','sales',25,78,8936061,'31.12.21'),
  (87,null,44,null,'sell a vehicle','for sale',75,67,3122516,'31.12.21'),
  (74,null,17,null,'sell a vehicle','sales',17,98,6332944,'31.12.21'),
  (28,null,88,null,'sell a vehicle','for sale',22,55,8339906,'31.12.21'),
  (65,null,null,80,'sell a vehicle','sales',10,26,2235769,'31.12.21'),
  (4,null,91,null,'sell a vehicle','for sale',9,87,9118432,'31.12.21'),
  (21,40,null,null,'sell a vehicle','sales',12,77,6564472,'31.12.21'),
  (12,null,2,null,'sell a vehicle','for sale',68,26,6228160,'31.12.21'),
  (9,null,null,23,'sell a vehicle','sales',5,57,5614395,'31.12.21'),
  (72,32,null,null,'sell a vehicle','for sale',13,43,2731980,'31.12.21'),
  (48,6,null,null,'sell a vehicle','sales',11,44,2606264,'31.12.21'),
  (62,null,80,null,'sell a vehicle','for sale',93,71,7563639,'31.12.21'),
  (34,null,null,27,'sell a vehicle','sales',83,81,2020167,'31.12.21'),
  (41,null,null,57,'sell a vehicle','for sale',95,58,3039205,'31.12.21'),
  (37,null,51,null,'sell a vehicle','sales',8,49,7526371,'31.12.21'),
  (22,null,16,null,'sell a vehicle','for sale',16,98,8962137,'31.12.21'),
  (45,null,null,61,'sell a vehicle','sales',5,23,5573014,'31.12.21'),
  (85,null,null,25,'sell a vehicle','for sale',60,30,1056853,'31.12.21'),
  (74,42,null,null,'sell a vehicle','sales',70,82,7034316,'31.12.21'),
  (14,68,null,null,'sell a vehicle','for sale',95,67,6624754,'31.12.21'),
  (89,18,null,null,'sell a vehicle','sales',44,23,8170420,'31.12.21'),
  (55,null,90,null,'sell a vehicle','for sale',13,12,6522002,'31.12.21'),
  (8,null,null,96,'sell a vehicle','sales',48,18,701408,'31.12.21'),
  (42,null,null,79,'sell a vehicle','for sale',47,63,4021898,'31.12.21'),
  (96,null,12,null,'sell a vehicle','sales',70,17,3449951,'31.12.21'),
  (75,null,72,null,'sell a vehicle','for sale',59,4,1541484,'31.12.21'),
  (17,64,null,null,'sell a vehicle','sales',80,61,4310632,'31.12.21'),
  (53,61,null,null,'sell a vehicle','for sale',91,8,6147413,'31.12.21'),
  (51,92,null,null,'sell a vehicle','sales',50,24,3365841,'31.12.21'),
  (11,null,null,65,'sell a vehicle','for sale',93,58,4545503,'31.12.21'),
  (43,50,null,null,'sell a vehicle','sales',60,53,3803219,'31.12.21'),
  (10,58,null,null,'sell a vehicle','for sale',52,48,7356625,'31.12.21'),
  (2,null,29,null,'sell a vehicle','sales',65,11,9119241,'31.12.21'),
  (84,null,91,null,'sell a vehicle','for sale',86,41,267010,'31.12.21'),
  (73,35,null,null,'sell a vehicle','sales',59,35,8913613,'31.12.21');
  
SELECT * FROM private_seller;

-- 10.ТЕСТОВЫЕ ДАННЫЕ ДЛЯ ТАБЛИЦЫ СООБЩЕНИЙ ДЛЯ ПРОДАВЦА ПО ЕГО ОБЪЯВЛЕНИЮ:
INSERT INTO messages_for_seller (from_user_id,to_private_seller,text,created_at)
VALUES
  (30,87,'a letter to the seller','17.04.21'),
  (73,16,'a letter to the seller','11.06.22'),
  (49,80,'a letter to the seller','02.02.22'),
  (92,42,'a letter to the seller','29.02.20'),
  (99,58,'a letter to the seller','22.04.22'),
  (76,37,'a letter to the seller','23.09.20'),
  (95,98,'a letter to the seller','03.11.21'),
  (38,11,'a letter to the seller','02.10.21'),
  (84,8,'a letter to the seller','04.10.22'),
  (60,10,'a letter to the seller','22.04.22'),
  (8,13,'a letter to the seller','10.12.20'),
  (94,98,'a letter to the seller','14.07.22'),
  (97,26,'a letter to the seller','30.04.22'),
  (41,99,'a letter to the seller','10.04.22'),
  (93,58,'a letter to the seller','09.01.21'),
  (25,54,'a letter to the seller','05.09.22'),
  (40,29,'a letter to the seller','28.11.21'),
  (79,44,'a letter to the seller','17.07.20'),
  (28,73,'a letter to the seller','12.01.22'),
  (62,1,'a letter to the seller','03.05.22'),
  (63,86,'a letter to the seller','10.11.21'),
  (93,4,'a letter to the seller','03.10.21'),
  (2,96,'a letter to the seller','14.05.21'),
  (25,98,'a letter to the seller','30.08.20'),
  (10,5,'a letter to the seller','22.05.21'),
  (43,68,'a letter to the seller','20.06.22'),
  (20,94,'a letter to the seller','25.03.21'),
  (28,4,'a letter to the seller','03.03.22'),
  (34,31,'a letter to the seller','23.03.21'),
  (37,59,'a letter to the seller','22.05.21'),
  (12,51,'a letter to the seller','01.07.21'),
  (34,30,'a letter to the seller','31.10.22'),
  (21,9,'a letter to the seller','20.12.21'),
  (45,49,'a letter to the seller','20.02.21'),
  (14,95,'a letter to the seller','12.05.20'),
  (64,37,'a letter to the seller','21.06.21'),
  (18,12,'a letter to the seller','30.10.22'),
  (91,55,'a letter to the seller','16.07.20'),
  (81,51,'a letter to the seller','08.03.20'),
  (82,55,'a letter to the seller','02.03.22'),
  (51,41,'a letter to the seller','06.09.20'),
  (25,36,'a letter to the seller','08.01.22'),
  (76,56,'a letter to the seller','10.10.22'),
  (18,57,'a letter to the seller','04.08.21'),
  (28,44,'a letter to the seller','18.03.22'),
  (43,25,'a letter to the seller','25.04.21'),
  (87,47,'a letter to the seller','20.12.20'),
  (81,63,'a letter to the seller','05.11.22'),
  (38,46,'a letter to the seller','28.07.21'),
  (48,70,'a letter to the seller','08.03.21'),
  (85,27,'a letter to the seller','05.10.22'),
  (52,34,'a letter to the seller','25.04.21'),
  (89,83,'a letter to the seller','28.05.21'),
  (5,51,'a letter to the seller','08.09.20'),
  (95,59,'a letter to the seller','24.01.21'),
  (91,25,'a letter to the seller','17.11.22'),
  (32,78,'a letter to the seller','21.04.20'),
  (24,74,'a letter to the seller','30.08.21'),
  (12,73,'a letter to the seller','11.08.20'),
  (77,99,'a letter to the seller','14.05.20'),
  (29,100,'a letter to the seller','12.06.22'),
  (89,56,'a letter to the seller','04.07.22'),
  (98,28,'a letter to the seller','02.07.22'),
  (48,7,'a letter to the seller','21.12.21'),
  (20,10,'a letter to the seller','26.03.21'),
  (53,7,'a letter to the seller','05.09.22'),
  (91,8,'a letter to the seller','12.11.21'),
  (94,41,'a letter to the seller','27.11.20'),
  (41,33,'a letter to the seller','09.04.20'),
  (60,22,'a letter to the seller','22.01.22'),
  (11,56,'a letter to the seller','30.09.21'),
  (24,55,'a letter to the seller','29.08.21'),
  (69,39,'a letter to the seller','02.12.20'),
  (66,25,'a letter to the seller','08.04.21'),
  (21,1,'a letter to the seller','02.09.22'),
  (70,83,'a letter to the seller','27.05.21'),
  (42,42,'a letter to the seller','09.02.22'),
  (45,6,'a letter to the seller','08.07.22'),
  (55,84,'a letter to the seller','18.09.21'),
  (77,81,'a letter to the seller','24.04.21'),
  (90,22,'a letter to the seller','29.11.20'),
  (80,79,'a letter to the seller','24.03.20'),
  (76,75,'a letter to the seller','23.06.20'),
  (25,41,'a letter to the seller','16.11.22'),
  (86,38,'a letter to the seller','01.02.21'),
  (16,78,'a letter to the seller','15.04.21'),
  (54,61,'a letter to the seller','22.02.22'),
  (97,54,'a letter to the seller','22.08.21'),
  (74,6,'a letter to the seller','20.05.22'),
  (84,53,'a letter to the seller','23.04.21'),
  (19,74,'a letter to the seller','17.12.21'),
  (37,69,'a letter to the seller','15.06.22'),
  (61,84,'a letter to the seller','14.12.22'),
  (42,7,'a letter to the seller','20.07.22'),
  (26,55,'a letter to the seller','10.02.21'),
  (76,62,'a letter to the seller','08.10.22'),
  (93,55,'a letter to the seller','10.11.21'),
  (26,11,'a letter to the seller','14.11.22'),
  (32,73,'a letter to the seller','25.12.20'),
  (45,73,'a letter to the seller','10.05.22');
  
SELECT * FROM messages_for_seller;

-- 11.ТЕСТОВЫЕ ДАННЫЕ ДЛЯ ТАБЛИЦЫ ГАРАЖ:
INSERT INTO garage (id_user,id_light_vehicles,id_freight_vehicles,id_motorcycles,state_number,VIN,vehicles_photo_id,vehicles_video_id,ownership_status,vehicle_information,created_at)
VALUES
  (14,null,null,55,'sapien234','vel234,',8,60,'sold','jksehfbe iuejbwehj','31.05.20'),
  (44,86,null,null,'sit234','esdf234',74,73,'sold','jksehfbeiuejb wehj','15.08.22'),
  (77,55,null,null,'magna234','purus234sdf',99,93,'owned','jks ehfbeiuejbwehj','31.05.20'),
  (85,20,null,null,'placerat234','sapien234sd',11,49,'owned','jksehfb eiuejbwehj','21.11.20'),
  (40,62,null,null,'volutpat234','in234234gfdfg',39,20,'sold','jksehfb eiuejbwehj','15.08.22'),
  (99,null,null,51,'adipiscing2342','natoque234dfg',96,38,'sold','jksehfbeiuejbwehj','08.05.20'),
  (22,null,7,null,'arcu2342','nec234234dfg',66,27,'owned','jkse hfbeiuejbw ehj','26.01.20'),
  (62,74,null,null,'Curabitur234','dolor234dfgdf',80,46,'owned','jkse hfbeiuejb wehj','31.05.20'),
  (81,98,null,null,'aliquet234ssd','Quisque234sdf',7,40,'sold','jkseh fbei uejbwe hj','21.11.20'),
  (25,1,null,null,'quam234','erat234fsdf',97,31,'sold','jk se hfbeiue jbwehj','15.08.22'),
  (46,null,76,null,'convallis234','non23423sdfsd',4,74,'owned','jks ehfbe iue jb wehj','21.11.20'),
  (58,35,null,null,'ac234','In23423sdfsdf',30,63,'owned','jks ehfb eiuejbwe hj','08.05.20'),
  (38,48,null,null,'hendrerit234','Nunc234sdfsd',40,74,'sold','jk sehf beiuejbwehj','21.11.20'),
  (3,89,null,null,'aliquet234ewr','posuere234sdfdfs',35,71,'sold','jks ehfbeiuej bwehj','21.11.20'),
  (1,24,null,null,'erat234','risus23423sdfsdf',21,15,'owned','jk sehfbe iuejbwehj','15.08.22'),
  (55,5,null,null,'libero234','ornare234sdfsdf',71,21,'owned','jksehfb iuejbwehj','21.11.20'),
  (55,null,22,null,'egestas234','odio234sdfsdf',53,93,'sold','jkse hfbeiue jbwehj','21.11.20'),
  (78,25,null,null,'vitae567','bibendum567sdffs',57,53,'sold','jksehfb eiuejbwehj','15.08.22'),
  (75,18,null,null,'ante5676','senectus56756sdfsd',55,90,'owned','jks ehfbei uejbwehj','21.11.20'),
  (19,31,null,null,'facilisis56756','erat56756sdffs',62,15,'owned','jkseh fbeiuej bwehj','21.11.20'),
  (54,89,null,null,'vel567756','vel567567sdf',13,27,'sold','jksehf beiuej bwe hj','17.09.21'),
  (4,5,null,null,'est567567','at567567fgffgh',14,42,'sold','jkseh fbei uej bwehj','21.11.20'),
  (63,73,null,null,'imperdiet5677567','ante567567fghfg',34,83,'owned','jkseh fbeiu ejb wehj','21.11.20'),
  (2,32,null,null,'aliquet5567','Sed5677fghfg',13,49,'owned','jks ehfbe iuej wehj','21.11.20'),
  (9,14,null,null,'scelerisque567675','eu567567fghfgh',5,83,'sold','jks ehfb eiuejb wehj','21.11.20'),
  (94,null,79,null,'mollis5675','mauris567fghfgh',14,18,'sold','jks ehfb eiuej bwehj','21.11.20'),
  (4,84,null,null,'lorem567','convallis567fghfg',94,7,'owned','jks eh fbeiuej bwehj','26.01.20'),
  (92,1,null,null,'Nam567','si567tfg',90,98,'owned','jksehfb  eiuejb wehj','21.11.20'),
  (36,18,null,null,'grav567ida','se5675mfgh',92,39,'sold','jkse hfbeiu ejb we hj','21.11.20'),
  (18,79,null,null,'ut567567,','ne567que',73,95,'sold','jkse hf beiu ejbwehj','31.05.20'),
  (19,49,null,null,'id567567','penatib567us',6,33,'owned','jk sehfbeiue jbw ehj','21.11.20'),
  (93,76,null,null,'eget5675','odi567567fghfgh',31,96,'owned','jkse hfbeiue jbwehj','17.09.21'),
  (66,14,null,null,'facilisi5675','volutpa567567fgh',95,71,'sold','jksehf beiuejbwe hj','08.05.20'),
  (41,69,null,null,'eu567567','Don567567fghfg',94,67,'sold','jkse hf beiuejb wehj','21.11.20'),
  (88,92,null,null,'partur567657','Proin5675fgh',40,72,'owned','jks ehfbeiue jbwehj','17.09.21'),
  (25,21,null,null,'lectu565675','por567567ttitor',18,5,'owned','jkse hfbeiuej bwe hj','21.11.20'),
  (13,4,null,null,'eget56756','neq56756ue',12,13,'sold','jks eh fbeiu ejbwehj','26.01.20'),
  (42,66,null,null,'at567567','n567567unc',17,76,'sold','jkse hfbeiuejbw ehj','21.11.20'),
  (42,null,79,null,'nisi567567','vel567567',97,63,'owned','jk sehf beiuejb wehj','21.11.20'),
  (67,40,null,null,'eli56756756t','neq567ue567fgh',2,77,'owned','jksehfb eiuejbwehj','17.09.21'),
  (57,null,null,55,'nib567h567','sapien567567fghf',15,92,'sold','jks ehfbeiu ejbwehj','21.11.20'),
  (38,12,null,null,'magna567567','lacus567567fgh',8,17,'sold','jkseh fbeiuej bwehj','08.05.20'),
  (58,44,null,null,'puru567567.','Nun56756cfgh',9,43,'owned','jks ehfbe  iue jbwehj','26.01.20'),
  (76,null,null,35,'Se567567dwe','erat567567fgh',35,24,'owned','jks ehfbeiu ej bwehj','26.01.20'),
  (40,87,null,null,'Null567567am','ultr567ices567dfg',9,44,'sold','jkseh fbeiu ejb wehj','21.11.20'),
  (95,85,null,null,'di567m567','at567567fhgh',44,22,'sold','jksehf beiuej bwehj','21.11.20'),
  (36,1,null,null,'consec567tetue567','adipi56756scing',17,40,'owned','jk sehfbe iue jbwehj','31.05.20'),
  (11,4,null,null,'lig567567ula567','ultr567567icies',26,93,'owned','jks ehfb dfsdfs eiuejbwehj','21.11.20'),
  (23,null,null,55,'a567567','mor567567bidf',36,35,'sold','jksehfbeiu ej wehj','17.09.21'),
  (41,53,null,null,'nul567567la','ultri567ces567gfh',89,34,'sold','jksehfb eiuejbwehj','21.11.20'),
  (82,null,19,null,'Aene567567an','vit567567ae,',43,7,'owned','jksehf beiue bwehj','21.11.20'),
  (61,30,null,null,'cub567567ilia','a56756756dfg',80,76,'owned','jkse hfb eiuejbwehj','26.01.20'),
  (88,65,null,null,'partu567567rient','Prae567567sent',37,82,'sold','jkse hfbei ue jbwehj','21.11.20'),
  (87,7,null,null,'Cu567567m','Fu567567scedf',23,54,'sold','jkseh fbeiuej bwehj','21.11.20'),
  (8,16,null,null,'Viva567567mus','ips567567umdf',26,37,'owned','jkseh fbeiue jbwe hj','08.05.20'),
  (66,5,null,null,'dia567567m','pret56756756iumgf',97,68,'owned','jk sehfbe iu ejb wehj','21.11.20'),
  (73,50,null,null,'ele567567ifend,','am567567etdf',25,47,'sold','jkseh fbe iu ejbw ehj','26.01.20'),
  (12,49,null,null,'vehi567567cula','ni567567sifg',19,18,'sold','jk sehfb eiu ej bwehj','21.11.20'),
  (43,60,null,null,'te567567mpus','ris567567ushg',31,43,'owned','jks ehf beiu ejbw ehj','17.09.21'),
  (59,null,null,89,'sem567567per','en567567im',41,16,'owned','jks ehfbei uejbwehj','21.11.20'),
  (100,30,null,null,'ege567567stas','vit567567ae',25,38,'sold','jkseh fbeiuejbwehj','21.11.20'),
  (46,null,67,null,'Se567567drt','tem567567por',10,58,'sold','jkse hfbeiu ejbwehj','26.01.20'),
  (5,38,null,null,'elei567567fend','Viva567567mus',25,8,'owned','jkse hfbeiuejbwehj','21.11.20'),
  (51,null,null,24,'di567567m','am567567577et',26,5,'owned','jksehfbeiuej bwehj','15.08.22'),
  (49,90,null,null,'Suspe567567ndisse','le567567o',81,74,'sold','jkseh fbeiuejbwehj','08.05.20'),
  (26,7,null,null,'con567567gue.','na5567msdf',43,50,'sold','jksehfb eiuejbwehj','21.11.20'),
  (10,null,null,55,'cur567567sus','u567567567t,',84,70,'owned','jksehf beiuejbwehj','31.05.20'),
  (38,40,null,null,'vulp567567utate,','vulp56756utate',23,4,'owned','jkseh fbeiuejbwehj','21.11.20'),
  (35,34,null,null,'tinci567567dunt','tinci567567dunt',60,38,'sold','jksehf be uejbwehj','17.09.21'),
  (36,null,null,14,'aliq567567uam','Phase567567llus',77,30,'sold','jksehfbei uejbwehj','15.08.22'),
  (19,null,null,68,'pret567567ium','nu567567lla',12,29,'owned','jksehf beiuejbwehj','21.11.20'),
  (22,null,null,16,'lac567567us','or567567ci',87,75,'owned','jkse fbeiuejbwe hj','17.09.21'),
  (17,null,null,46,'ni567567si','lac567567us',67,81,'sold','jkseh fbei uejb wehj','21.11.20'),
  (88,86,null,null,'frin567567gilla','a567567t',7,96,'sold','jksehf beiuej bwehj','21.11.20'),
  (28,null,28,null,'ullam567567corper,','Na567567m',70,48,'owned','jk sehfb eiuejbwehj','21.11.20'),
  (20,20,null,null,'Qui567567sque','laci567567nia',62,26,'owned','jksehf eiuejb wehj','21.11.20'),
  (86,57,null,null,'vi567567tae','me567567tus.',15,68,'sold','jks ehfbeiue jbwehj','17.09.21'),
  (8,73,null,null,'aliq57567uam','m567567567i',53,93,'sold','jkse hfbeiuejbwe hj','21.11.20'),
  (51,25,null,null,'ne567567c,','lig7567567ula.',98,52,'owned','jksehf beiuejbwehj','15.08.22'),
  (9,82,null,null,'me4567756tus','ri567567us.',72,27,'owned','jkse hfbeiuejb wehj','21.11.20'),
  (98,57,null,null,'bla567567ndit','di56754645am',64,19,'sold','jkseh fbeiuejbwehj','21.11.20'),
  (93,2,null,null,'di567754am','en56775456im.',23,74,'sold','jksehfbe iuejbwehj','31.05.20'),
  (45,93,null,null,'sem45647per','vest355464bulum',44,13,'owned','jksehfb eiue jbwehj','21.11.20'),
  (72,61,null,null,'auc4566453456tor','en45645345im.',30,95,'owned','jks ehfbeiuejbwehj','21.11.20'),
  (68,null,null,59,'nu45645lla','nu34554645nc',84,22,'sold','jksehfbei uej bwehj','08.05.20'),
  (88,null,null,21,'di456453s','ju456456sto',36,57,'sold','jksehfb eiuej bwehj','26.01.20'),
  (37,null,null,36,'feug4353453iat','dic456456tum',12,22,'owned','jksehf beiu ej bwehj','21.11.20'),
  (14,43,null,null,'i45645645d','ve4456l',85,93,'owned','jkseh fbeiue jbwehj','17.09.21'),
  (73,38,null,null,'ne456456c','ni456456sl',64,67,'sold','jksehfbe  iuejbwehj','21.11.20'),
  (89,null,27,null,'pla456456erat','nu456456nc',41,30,'sold','jkse hfbeiu ejb wehj','21.11.20'),
  (29,94,null,null,'met456456us.','fe456456lis',42,81,'owned','jkseh fbeiuejbwe hj','21.11.20'),
  (43,90,null,null,'hend45645645rerit','nat456456oque',87,83,'owned','jk sehfbeiue jbwehj','21.11.20'),
  (7,77,null,null,'Mau456456ris','ar456456cu.',26,33,'sold','jkseh fbeiuejb wehj','21.11.20'),
  (97,3,null,null,'eli45645t','sem456456per',95,11,'sold','jksehfbeiuej bwehj','15.08.22'),
  (86,86,null,null,'di456456tum','en456456im',80,22,'owned','jksehf beiuej bwehj','21.11.20'),
  (24,44,null,null,'lo456645rem','vel45645it',10,53,'owned','jkseh fb eiuejbwehj','31.05.20'),
  (56,53,null,null,'ma456456gna','es456456t',83,84,'sold','jkseh fbeiue jbwehj','15.08.22'),
  (19,78,null,null,'var456456456ius','eli456456t',13,54,'sold','jkseh fbeiue jbwehj','08.05.20'),
  (52,null,null,49,'qu456i45645s','mole45645stie',100,20,'owned','jksehf beiuejbwehj','26.01.20'),
  (88,null,79,null,'qu456456is','mole5675675stie',48,53,'owned','jksehfbei uejbwehj','31.05.20');

  SELECT 
 COUNT(id_user) AS users, 
 id_light_vehicles, 
 id_freight_vehicles, 
 id_motorcycles  
  FROM garage  
   GROUP BY 
	id_light_vehicles, 
	id_freight_vehicles, 
	id_motorcycles 
   ORDER BY users DESC;
